record_date,write_date,direction,compass,peak_period,mean_period,max_wave,highest_tenth,sig_height
31/07/2025 12:49,2025-07-31 12:53:53,89,WNW,11.8C,6.80,1.98,1.63,1.28
31/07/2025 14:34,2025-07-31 14:39:21,92,WNW,10.O0,6.80,2.00,1.67,1.34
31/07/2025 17:44,2025-07-31 17:47:24,90,WNW,10.50,6.30,2.72,1.72,1.33
31/07/2025 17:59,2025-07-31 18:02:22,91,WNW,10.50,5.90,2.23,1.58,1.25
31/07/2025 18:09,2025-07-31 18:17:21,91,WNW,10.50,5.90,2.23,1.58,1.25
31/07/2025 18:19,2025-07-31 18:21:48,91,WNW,10.50,5.90,2.23,1.58,1.25
31/07/2025 18:29,2025-07-31 18:32:21,88,WNW,9.50,6.10,2.25,1.60,1.24
31/07/2025 18:49,2025-07-31 18:53:57,88,WNW,9.50,6.10,2.25,1.60,1.24
31/07/2025 19:04,2025-07-31 19:11:09,83,WNW,9.10,6.00,2.27,1.60,1.28
31/07/2025 19:14,2025-07-31 19:19:32,83,WNW,9.10,6.00,2.27,1.60,1.28
31/07/2025 19:29,2025-07-31 19:32:21,89,WNW,11.10,6.00,2.14,1.50,1.17
31/07/2025 19:39,2025-07-31 19:45:36,89,WNW,11.10,6.00,2.14,1.50,1.17
31/07/2025 19:49,2025-07-31 20:02:21,89,WNW,11.10,6.00,2.14,1.50,1.17
31/07/2025 19:59,2025-07-31 20:04:33,88,WNW,10.50,6.00,1.99,1.62,1.25
31/07/2025 20:14,2025-07-31 20:17:22,88,WNW,10.50,6.00,1.99,1.62,1.25
31/07/2025 20:29,2025-07-31 20:32:22,87,WNW,11.10,5.70,2.16,1.50,1.13
31/07/2025 20:44,2025-07-31 20:47:27,87,WNW,11.10,5.70,2.16,1.50,1.13
31/07/2025 20:54,2025-07-31 20:58:21,87,WNW,11.10,5.70,2.16,1.50,1.13
31/07/2025 20:59,2025-07-31 21:08:59,84,WNW,10.50,6.20,2.14,1.49,1.23
1/08/2025 08:29,2025-08-01 08:32:23,260,W,10.O0,4.30,1.72,1.19,0.93
1/08/2025 08:44,2025-08-01 08:47:21,260,W,10.O0,4.30,1.72,1.19,0.93
1/08/2025 08:44,2025-08-01 08:49:34,260,W,10.O0,4.30,1.72,1.19,0.93
1/08/2025 08:59,2025-08-01 09:02:21,266,W,10.O0,4.70,1.79,1.43,1.10
1/08/2025 08:59,2025-08-01 09:04:33,266,W,10.O0,4.70,1.79,1.43,1.10
1/08/2025 08:59,2025-08-01 09:06:46,266,W,10.O0,4.70,1.79,1.43,1.10
1/08/2025 09:04,2025-08-01 09:17:21,266,W,10.O0,4.70,1.79,1.43,1.10
1/08/2025 09:04,2025-08-01 09:19:33,266,W,10.O0,4.70,1.79,1.43,1.10
1/08/2025 09:04,2025-08-01 09:21:45,266,W,10.O0,4.70,1.79,1.43,1.10
1/08/2025 09:19,2025-08-01 09:23:58,266,W,10.O0,4.70,1.79,1.43,1.10
1/08/2025 09:19,2025-08-01 09:32:21,266,W,10.O0,4.70,1.79,1.43,1.10
1/08/2025 09:29,2025-08-01 09:34:33,260,W,10.50,4.40,1.67,1.36,1.06
1/08/2025 09:29,2025-08-01 09:36:45,260,W,10.50,4.40,1.67,1.36,1.06
1/08/2025 09:29,2025-08-01 09:38:57,260,W,10.50,4.40,1.67,1.36,1.06
1/08/2025 09:29,2025-08-01 09:41:10,260,W,10.50,4.40,1.67,1.36,1.06
1/08/2025 09:44,2025-08-01 09:47:25,260,W,10.50,4.40,1.67,1.36,1.06
1/08/2025 09:44,2025-08-01 09:49:34,260,W,10.50,4.40,1.67,1.36,1.06
1/08/2025 09:44,2025-08-01 09:51:45,260,W,10.50,4.40,1.67,1.36,1.06
1/08/2025 09:44,2025-08-01 09:53:57,260,W,10.50,4.40,1.67,1.36,1.06
1/08/2025 09:49,2025-08-01 09:56:09,260,W,10.50,4.40,1.67,1.36,1.06
1/08/2025 09:49,2025-08-01 09:58:22,260,W,10.50,4.40,1.67,1.36,1.06
1/08/2025 09:49,2025-08-01 10:02:28,260,W,10.50,4.40,1.67,1.36,1.06
1/08/2025 09:49,2025-08-01 10:04:39,260,W,10.50,4.40,1.67,1.36,1.06
1/08/2025 09:59,2025-08-01 10:06:47,260,W,10.50,4.30,1.77,1.17,0.90
1/08/2025 09:59,2025-08-01 10:08:59,260,W,10.50,4.30,1.77,1.17,0.90
1/08/2025 09:59,2025-08-01 10:11:10,260,W,10.50,4.30,1.77,1.17,0.90
1/08/2025 09:59,2025-08-01 10:13:22,260,W,10.50,4.30,1.77,1.17,0.90
1/08/2025 14:49,2025-08-01 14:55:06,264,W,10.O0,5.00,1.89,1.34,0.96
1/08/2025 15:09,2025-08-01 15:12:18,260,W,11.10,4.60,1.80,1.20,0.89
1/08/2025 15:09,2025-08-01 15:17:24,260,W,11.10,4.60,1.80,1.20,0.89
1/08/2025 15:14,2025-08-01 15:29:30,260,W,11.10,4.60,1.80,1.20,0.89
1/08/2025 15:24,2025-08-01 15:32:21,260,W,11.10,4.60,1.80,1.20,0.89
1/08/2025 15:24,2025-08-01 15:34:36,260,W,11.10,4.60,1.80,1.20,0.89
1/08/2025 15:24,2025-08-01 15:34:37,260,W,11.10,4.60,1.80,1.20,0.89
1/08/2025 15:24,2025-08-01 15:36:48,260,W,11.10,4.60,1.80,1.20,0.89
1/08/2025 16:34,2025-08-01 16:41:31,58,WSW,10.50,4.70,1.80,1.40,1.04
1/08/2025 16:34,2025-08-01 16:41:43,58,WSW,10.50,4.70,1.80,1.40,1.04
1/08/2025 16:34,2025-08-01 16:41:55,58,WSW,10.50,4.70,1.80,1.40,1.04
1/08/2025 16:34,2025-08-01 16:42:07,58,WSW,10.50,4.70,1.80,1.40,1.04
1/08/2025 17:04,2025-08-01 17:15:47,58,WSW,10.O0,5.20,1.99,1.35,0.99
1/08/2025 17:19,2025-08-01 17:24:48,58,WSW,10.O0,5.20,1.99,1.35,0.99
1/08/2025 17:39,2025-08-01 17:45:21,260,W,9.50,4.60,1.69,1.35,0.97
1/08/2025 17:49,2025-08-01 17:56:58,260,W,9.50,4.60,1.69,1.35,0.97
1/08/2025 17:49,2025-08-01 17:57:10,260,W,9.50,4.60,1.69,1.35,0.97
1/08/2025 17:49,2025-08-01 17:57:24,260,W,9.50,4.60,1.69,1.35,0.97
1/08/2025 17:49,2025-08-01 17:57:36,260,W,9.50,4.60,1.69,1.35,0.97
1/08/2025 17:49,2025-08-01 17:57:48,260,W,9.50,4.60,1.69,1.35,0.97
1/08/2025 17:49,2025-08-01 17:57:59,260,W,9.50,4.60,1.69,1.35,0.97
1/08/2025 17:49,2025-08-01 17:58:13,260,W,9.50,4.60,1.69,1.35,0.97
1/08/2025 17:49,2025-08-01 17:58:26,260,W,9.50,4.60,1.69,1.35,0.97
1/08/2025 17:49,2025-08-01 17:58:40,260,W,9.50,4.60,1.69,1.35,0.97
1/08/2025 17:49,2025-08-01 17:58:52,260,W,9.50,4.60,1.69,1.35,0.97
1/08/2025 17:49,2025-08-01 17:59:04,260,W,9.50,4.60,1.69,1.35,0.97
1/08/2025 17:49,2025-08-01 17:59:16,260,W,9.50,4.60,1.69,1.35,0.97
1/08/2025 17:49,2025-08-01 17:59:29,260,W,9.50,4.60,1.69,1.35,0.97
1/08/2025 17:49,2025-08-01 17:59:43,260,W,9.50,4.60,1.69,1.35,0.97
1/08/2025 17:49,2025-08-01 17:59:55,260,W,9.50,4.60,1.69,1.35,0.97
1/08/2025 17:49,2025-08-01 18:00:09,260,W,9.50,4.60,1.69,1.35,0.97
1/08/2025 17:49,2025-08-01 18:00:26,260,W,9.50,4.60,1.69,1.35,0.97
1/08/2025 17:49,2025-08-01 18:00:38,260,W,9.50,4.60,1.69,1.35,0.97
1/08/2025 17:49,2025-08-01 18:00:51,260,W,9.50,4.60,1.69,1.35,0.97
1/08/2025 17:49,2025-08-01 18:01:04,260,W,9.50,4.60,1.69,1.35,0.97
1/08/2025 17:49,2025-08-01 18:01:17,260,W,9.50,4.60,1.69,1.35,0.97
1/08/2025 17:49,2025-08-01 18:01:34,260,W,9.50,4.60,1.69,1.35,0.97
1/08/2025 17:49,2025-08-01 18:01:48,260,W,9.50,4.60,1.69,1.35,0.97
1/08/2025 17:49,2025-08-01 18:02:01,260,W,9.50,4.60,1.69,1.35,0.97
1/08/2025 17:49,2025-08-01 18:02:13,260,W,9.50,4.60,1.69,1.35,0.97
1/08/2025 19:49,2025-08-01 19:51:29,259,W,10.O0,5.70,1.66,1.28,0.99
1/08/2025 19:59,2025-08-01 20:00:22,54,WSW,10.50,4.30,1.60,1.15,0.85
1/08/2025 20:14,2025-08-01 20:15:22,54,WSW,10.50,4.30,1.60,1.15,0.85
1/08/2025 20:29,2025-08-01 20:30:21,54,WSW,10.50,4.60,1.86,1.35,0.99
1/08/2025 20:44,2025-08-01 20:45:22,54,WSW,10.50,4.60,1.86,1.35,0.99
1/08/2025 20:59,2025-08-01 21:00:21,39,WSW,10.O0,4.00,1.51,1.18,0.92
1/08/2025 21:04,2025-08-01 21:15:21,39,WSW,10.O0,4.00,1.51,1.18,0.92
1/08/2025 21:19,2025-08-01 21:30:20,39,WSW,10.O0,4.00,1.51,1.18,0.92
1/08/2025 21:44,2025-08-01 21:45:21,48,WSW,10.O0,4.20,1.68,1.18,0.88
1/08/2025 21:59,2025-08-01 22:00:21,57,WSW,10.O0,4.60,1.40,1.07,0.82
1/08/2025 22:29,2025-08-01 22:30:21,50,WSW,10.O0,4.40,1.55,1.00,0.75
1/08/2025 22:44,2025-08-01 22:45:21,50,WSW,10.O0,4.40,1.55,1.00,0.75
1/08/2025 22:54,2025-08-01 23:00:21,50,WSW,10.O0,4.40,1.55,1.00,0.75
1/08/2025 23:29,2025-08-01 23:30:21,58,WSW,10.50,5.40,1.59,1.16,0.87
1/08/2025 23:39,2025-08-01 23:45:21,58,WSW,10.50,5.40,1.59,1.16,0.87
1/08/2025 23:59,2025-08-02 00:00:21,262,W,10.50,4.80,1.57,1.08,0.77
2/08/2025 00:09,2025-08-02 00:15:21,0,N,0.00,0.00,0.00,0.00,0.00
2/08/2025 00:29,2025-08-02 00:30:22,261,W,11.10,5.40,1.47,1.10,0.83
2/08/2025 00:44,2025-08-02 00:45:21,261,W,11.10,5.40,1.47,1.10,0.83
2/08/2025 00:59,2025-08-02 01:00:22,260,W,9.50,6.20,1.34,1.06,0.85
2/08/2025 01:14,2025-08-02 01:15:21,260,W,9.50,6.20,1.34,1.06,0.85
2/08/2025 01:29,2025-08-02 01:30:21,261,W,10.50,6.80,1.26,1.00,0.80
2/08/2025 01:39,2025-08-02 01:45:21,261,W,10.50,6.80,1.26,1.00,0.80
2/08/2025 01:59,2025-08-02 02:00:22,266,W,10.50,7.00,1.30,1.04,0.83
2/08/2025 02:09,2025-08-02 02:15:21,266,W,10.50,7.00,1.30,1.04,0.83
2/08/2025 02:29,2025-08-02 02:30:21,264,W,10.O0,6.90,1.41,1.03,0.81
2/08/2025 02:44,2025-08-02 02:45:21,264,W,10.O0,6.90,1.41,1.03,0.81
2/08/2025 02:59,2025-08-02 03:00:22,265,W,9.50,7.00,1.36,1.18,0.95
2/08/2025 03:14,2025-08-02 03:15:21,265,W,9.50,7.00,1.36,1.18,0.95
2/08/2025 03:29,2025-08-02 03:30:21,57,WSW,10.50,7.50,1.57,1.15,0.90
2/08/2025 03:44,2025-08-02 03:45:22,57,WSW,10.50,7.50,1.57,1.15,0.90
2/08/2025 03:59,2025-08-02 04:00:22,263,W,11.10,7.30,1.44,1.15,0.95
2/08/2025 04:09,2025-08-02 04:15:21,263,W,11.10,7.30,1.44,1.15,0.95
2/08/2025 04:19,2025-08-02 04:30:21,263,W,11.10,7.30,1.44,1.15,0.95
2/08/2025 04:39,2025-08-02 04:45:21,262,W,10.O0,7.50,1.37,1.12,0.89
2/08/2025 04:49,2025-08-02 05:00:21,262,W,10.O0,7.50,1.37,1.12,0.89
2/08/2025 05:24,2025-08-02 05:30:21,260,W,10.50,8.00,1.46,0.98,0.77
2/08/2025 05:39,2025-08-02 05:45:21,262,W,10.O0,8.30,1.47,1.15,0.95
2/08/2025 05:59,2025-08-02 06:00:22,262,W,10.O0,8.10,1.50,1.15,0.88
2/08/2025 06:09,2025-08-02 06:15:21,262,W,10.O0,8.10,1.50,1.15,0.88
2/08/2025 06:29,2025-08-02 06:30:21,264,W,10.50,8.80,1.55,1.29,1.01
2/08/2025 06:44,2025-08-02 06:45:21,264,W,10.50,8.80,1.55,1.29,1.01
2/08/2025 06:49,2025-08-02 07:00:21,264,W,10.50,8.80,1.55,1.29,1.01
2/08/2025 07:04,2025-08-02 07:15:21,263,W,10.50,8.30,1.48,1.15,0.98
2/08/2025 07:29,2025-08-02 07:30:21,268,W,9.50,8.30,1.39,1.07,0.86
2/08/2025 07:44,2025-08-02 07:45:21,268,W,9.50,8.30,1.39,1.07,0.86
2/08/2025 08:14,2025-08-02 08:15:21,264,W,9.50,7.70,1.45,1.13,0.89
2/08/2025 08:14,2025-08-02 08:30:21,264,W,9.50,7.70,1.45,1.13,0.89
2/08/2025 08:44,2025-08-02 08:45:21,266,W,10.O0,8.20,1.71,1.26,0.97
2/08/2025 08:48,2025-08-02 09:00:21,266,W,10.O0,8.20,1.71,1.26,0.97
2/08/2025 09:04,2025-08-02 09:15:21,266,W,10.50,7.60,1.26,1.09,0.86
2/08/2025 09:29,2025-08-02 09:30:22,267,W,10.O0,6.90,1.25,1.06,0.89
2/08/2025 09:44,2025-08-02 09:45:22,267,W,10.O0,6.90,1.25,1.06,0.89
2/08/2025 09:59,2025-08-02 10:00:21,263,W,10.O0,7.80,1.45,1.19,0.98
2/08/2025 10:29,2025-08-02 10:30:21,266,W,9.50,8.10,1.70,1.32,1.06
2/08/2025 10:39,2025-08-02 10:45:22,266,W,9.50,8.10,1.70,1.32,1.06
2/08/2025 10:59,2025-08-02 11:00:21,264,W,18.20,8.00,1.57,1.27,1.01
2/08/2025 11:09,2025-08-02 11:15:21,264,W,18.20,8.00,1.57,1.27,1.01
2/08/2025 11:29,2025-08-02 11:30:22,264,W,9.10,8.50,1.65,1.19,1.00
2/08/2025 11:39,2025-08-02 11:45:20,264,W,9.10,8.50,1.65,1.19,1.00
2/08/2025 12:14,2025-08-02 12:15:23,263,W,10.O0,8.20,1.68,1.20,0.98
2/08/2025 12:24,2025-08-02 12:30:21,263,W,10.O0,8.20,1.68,1.20,0.98
2/08/2025 12:44,2025-08-02 12:45:21,264,W,10.O0,7.50,2.08,1.30,1.01
2/08/2025 12:59,2025-08-02 13:00:21,264,W,18.20,9.00,1.66,1.40,1.13
2/08/2025 12:59,2025-08-02 13:15:20,264,W,18.20,9.00,1.66,1.40,1.13
2/08/2025 13:19,2025-08-02 13:30:21,264,W,18.20,9.00,1.66,1.40,1.13
2/08/2025 13:44,2025-08-02 13:45:21,263,W,18.20,8.30,1.61,1.25,1.05
2/08/2025 13:59,2025-08-02 14:00:23,268,W,18.20,9.00,1.51,1.27,1.03
2/08/2025 14:14,2025-08-02 14:15:21,268,W,18.20,9.00,1.51,1.27,1.03
2/08/2025 14:29,2025-08-02 14:30:22,265,W,18.20,8.10,1.46,1.27,1.05
2/08/2025 14:34,2025-08-02 14:45:21,265,W,18.20,8.10,1.46,1.27,1.05
2/08/2025 14:59,2025-08-02 15:00:22,265,W,18.20,8.80,1.67,1.41,1.17
2/08/2025 15:24,2025-08-02 15:30:23,265,W,18.20,8.80,1.67,1.41,1.17
2/08/2025 15:34,2025-08-02 15:45:21,268,W,10.50,8.00,1.64,1.33,1.08
2/08/2025 15:59,2025-08-02 16:00:21,262,W,18.20,7.80,1.95,1.48,1.17
2/08/2025 16:14,2025-08-02 16:15:21,262,W,18.20,7.80,1.95,1.48,1.17
2/08/2025 16:39,2025-08-02 16:45:21,260,W,9.50,5.80,1.49,1.30,1.06
2/08/2025 16:54,2025-08-02 17:00:23,260,W,9.50,5.80,1.49,1.30,1.06
2/08/2025 17:14,2025-08-02 17:15:21,263,W,18.20,6.50,1.76,1.43,1.20
2/08/2025 17:29,2025-08-02 17:30:22,266,W,9.50,5.50,1.88,1.50,1.23
2/08/2025 17:44,2025-08-02 17:45:23,266,W,9.50,5.50,1.88,1.50,1.23
2/08/2025 17:59,2025-08-02 18:00:22,267,W,18.20,5.60,1.60,1.46,1.22
2/08/2025 18:14,2025-08-02 18:15:21,267,W,18.20,5.60,1.60,1.46,1.22
2/08/2025 18:29,2025-08-02 18:30:22,267,W,18.20,6.40,1.85,1.58,1.31
2/08/2025 18:59,2025-08-02 19:00:28,267,W,18.20,5.70,1.82,1.52,1.23
2/08/2025 19:14,2025-08-02 19:15:21,267,W,18.20,5.70,1.82,1.52,1.23
2/08/2025 19:24,2025-08-02 19:30:22,267,W,18.20,5.70,1.82,1.52,1.23
2/08/2025 19:44,2025-08-02 19:45:22,266,W,16.7,6.40,1.89,1.53,1.25
2/08/2025 19:59,2025-08-02 20:00:23,265,W,16.7,6.40,1.92,1.54,1.26
2/08/2025 20:09,2025-08-02 20:15:21,265,W,16.7,6.40,1.92,1.54,1.26
2/08/2025 20:19,2025-08-02 20:30:21,265,W,16.7,6.40,1.92,1.54,1.26
2/08/2025 20:44,2025-08-02 20:45:21,265,W,16.7,6.70,2.01,1.66,1.35
2/08/2025 20:59,2025-08-02 21:00:22,267,W,16.7,6.80,2.20,1.60,1.35
2/08/2025 21:29,2025-08-02 21:30:21,266,W,16.7,7.00,2.32,1.54,1.27
2/08/2025 21:39,2025-08-02 21:45:21,266,W,16.7,7.00,2.32,1.54,1.27
2/08/2025 21:59,2025-08-02 22:00:21,265,W,18.20,6.80,1.87,1.55,1.23
2/08/2025 22:29,2025-08-02 22:30:22,270,W,16.7,6.70,1.98,1.57,1.28
2/08/2025 22:44,2025-08-02 22:45:21,270,W,16.7,6.70,1.98,1.57,1.28
2/08/2025 22:59,2025-08-02 23:00:22,265,W,6.70,7.20,2.06,1.49,1.23
2/08/2025 23:14,2025-08-02 23:15:21,265,W,6.70,7.20,2.06,1.49,1.23
2/08/2025 23:29,2025-08-02 23:30:21,268,W,15.40,6.90,1.71,1.39,1.15
2/08/2025 23:44,2025-08-02 23:45:21,268,W,15.40,6.90,1.71,1.39,1.15
2/08/2025 23:59,2025-08-03 00:00:22,267,W,16.7,6.90,2.00,1.60,1.29
3/08/2025 00:14,2025-08-03 00:15:21,0,N,0.00,0.00,0.00,0.00,0.00
3/08/2025 00:29,2025-08-03 00:30:21,271,W,16.7,6.20,1.98,1.49,1.20
3/08/2025 00:44,2025-08-03 00:45:21,271,W,16.7,6.20,1.98,1.49,1.20
3/08/2025 00:59,2025-08-03 01:00:21,262,W,16.7,5.70,2.00,1.44,1.12
3/08/2025 01:14,2025-08-03 01:15:21,262,W,16.7,5.70,2.00,1.44,1.12
3/08/2025 01:29,2025-08-03 01:30:21,263,W,16.7,5.30,1.77,1.35,1.08
3/08/2025 01:44,2025-08-03 01:45:21,263,W,16.7,5.30,1.77,1.35,1.08
3/08/2025 01:59,2025-08-03 02:00:22,267,W,16.7,5.40,2.02,1.42,1.10
3/08/2025 02:14,2025-08-03 02:15:22,267,W,16.7,5.40,2.02,1.42,1.10
3/08/2025 02:29,2025-08-03 02:30:22,266,W,16.7,6.10,2.10,1.57,1.22
3/08/2025 02:44,2025-08-03 02:45:21,266,W,16.7,6.10,2.10,1.57,1.22
3/08/2025 02:59,2025-08-03 03:00:22,267,W,16.7,5.80,2.01,1.54,1.22
3/08/2025 03:23,2025-08-03 03:30:21,267,W,16.7,5.80,2.01,1.54,1.22
3/08/2025 03:44,2025-08-03 03:45:21,267,W,15.40,5.40,1.91,1.46,1.10
3/08/2025 03:59,2025-08-03 04:00:21,268,W,15.40,5.90,1.78,1.36,1.09
3/08/2025 04:09,2025-08-03 04:15:22,268,W,15.40,5.90,1.78,1.36,1.09
3/08/2025 04:29,2025-08-03 04:30:22,267,W,16.7,5.50,1.63,1.42,1.11
3/08/2025 04:44,2025-08-03 04:45:21,267,W,16.7,5.50,1.63,1.42,1.11
3/08/2025 04:59,2025-08-03 05:00:22,263,W,15.40,5.10,2.06,1.56,1.12
3/08/2025 05:09,2025-08-03 05:15:22,263,W,15.40,5.10,2.06,1.56,1.12
3/08/2025 05:29,2025-08-03 05:30:22,265,W,15.40,5.00,1.79,1.37,1.06
3/08/2025 05:44,2025-08-03 05:45:21,265,W,15.40,5.00,1.79,1.37,1.06
3/08/2025 05:49,2025-08-03 06:00:21,265,W,15.40,5.00,1.79,1.37,1.06
3/08/2025 06:14,2025-08-03 06:15:21,270,W,16.7,5.40,1.90,1.38,1.04
3/08/2025 06:24,2025-08-03 06:30:21,270,W,16.7,5.40,1.90,1.38,1.04
3/08/2025 06:44,2025-08-03 06:45:23,266,W,16.7,5.50,1.48,1.30,0.98
3/08/2025 06:44,2025-08-03 06:45:25,266,W,16.7,5.50,1.48,1.30,0.98
3/08/2025 06:54,2025-08-03 07:00:21,266,W,16.7,5.50,1.48,1.30,0.98
3/08/2025 07:09,2025-08-03 07:15:21,271,W,16.7,6.00,1.80,1.39,1.02
3/08/2025 07:24,2025-08-03 07:30:20,271,W,16.7,6.00,1.80,1.39,1.02
3/08/2025 07:29,2025-08-03 07:45:21,268,W,15.40,5.40,1.87,1.39,1.00
3/08/2025 07:49,2025-08-03 08:00:22,268,W,15.40,5.40,1.87,1.39,1.00
3/08/2025 08:09,2025-08-03 08:15:21,271,W,15.40,5.10,1.59,1.25,0.92
3/08/2025 08:24,2025-08-03 08:30:22,271,W,15.40,5.10,1.59,1.25,0.92
3/08/2025 08:39,2025-08-03 08:45:21,266,W,15.40,5.40,1.71,1.32,0.99
3/08/2025 08:54,2025-08-03 09:00:21,266,W,15.40,5.40,1.71,1.32,0.99
3/08/2025 09:29,2025-08-03 09:30:21,269,W,15.40,4.30,1.70,1.28,0.91
3/08/2025 09:44,2025-08-03 09:45:21,269,W,15.40,4.30,1.70,1.28,0.91
3/08/2025 09:54,2025-08-03 10:00:22,269,W,15.40,4.30,1.70,1.28,0.91
3/08/2025 10:04,2025-08-03 10:15:21,266,W,14.30,4.80,1.64,1.23,0.90
3/08/2025 10:29,2025-08-03 10:30:21,271,W,15.40,5.60,1.64,1.19,0.93
3/08/2025 10:39,2025-08-03 10:45:23,271,W,15.40,5.60,1.64,1.19,0.93
3/08/2025 10:59,2025-08-03 11:00:22,271,W,16.7,4.90,1.73,1.23,0.86
3/08/2025 11:03,2025-08-03 11:15:22,271,W,16.7,4.90,1.73,1.23,0.86
3/08/2025 11:29,2025-08-03 11:30:21,58,WSW,16.7,4.20,1.66,1.16,0.86
3/08/2025 11:44,2025-08-03 11:45:22,58,WSW,16.7,4.20,1.66,1.16,0.86
3/08/2025 11:54,2025-08-03 12:00:23,58,WSW,16.7,4.20,1.66,1.16,0.86
3/08/2025 12:14,2025-08-03 12:15:21,265,W,14.30,4.40,1.79,1.12,0.82
3/08/2025 12:14,2025-08-03 12:30:23,265,W,14.30,4.40,1.79,1.12,0.82
3/08/2025 12:39,2025-08-03 12:45:21,268,W,14.30,4.30,1.91,1.10,0.78
3/08/2025 12:49,2025-08-03 13:00:22,268,W,14.30,4.30,1.91,1.10,0.78
3/08/2025 13:14,2025-08-03 13:15:22,263,W,14.30,4.30,1.51,1.17,0.83
3/08/2025 13:19,2025-08-03 13:30:22,263,W,14.30,4.30,1.51,1.17,0.83
3/08/2025 13:44,2025-08-03 13:45:23,268,W,16.7,4.90,1.55,1.28,0.94
3/08/2025 13:54,2025-08-03 14:00:21,268,W,16.7,4.90,1.55,1.28,0.94
3/08/2025 14:09,2025-08-03 14:15:23,263,W,13.3,4.50,1.55,1.16,0.86
3/08/2025 14:24,2025-08-03 14:30:21,263,W,13.3,4.50,1.55,1.16,0.86
3/08/2025 15:14,2025-08-03 15:15:21,264,W,15.40,4.90,1.60,1.14,0.86
3/08/2025 15:29,2025-08-03 15:30:21,260,W,15.40,4.40,1.80,1.24,0.92
3/08/2025 15:39,2025-08-03 15:45:21,260,W,15.40,4.40,1.80,1.24,0.92
3/08/2025 15:59,2025-08-03 16:00:23,51,WSW,14.30,4.20,1.72,1.23,0.92
3/08/2025 16:09,2025-08-03 16:15:21,51,WSW,14.30,4.20,1.72,1.23,0.92
3/08/2025 16:14,2025-08-03 16:30:22,51,WSW,14.30,4.20,1.72,1.23,0.92
3/08/2025 16:44,2025-08-03 16:45:21,267,W,15.40,4.90,1.64,1.19,0.91
3/08/2025 16:59,2025-08-03 17:00:25,273,W,14.30,5.70,1.70,1.24,0.92
3/08/2025 17:13,2025-08-03 17:15:21,273,W,14.30,5.70,1.70,1.24,0.92
3/08/2025 17:29,2025-08-03 17:30:22,273,W,15.40,6.60,1.80,1.48,1.07
3/08/2025 17:44,2025-08-03 17:45:22,273,W,15.40,6.60,1.80,1.48,1.07
3/08/2025 17:59,2025-08-03 18:00:22,269,W,15.40,5.80,1.79,1.30,0.90
3/08/2025 18:09,2025-08-03 18:15:22,269,W,15.40,5.80,1.79,1.30,0.90
3/08/2025 18:29,2025-08-03 18:30:22,278,W,14.30,6.80,1.53,1.26,0.95
3/08/2025 18:44,2025-08-03 18:45:23,278,W,14.30,6.80,1.53,1.26,0.95
3/08/2025 18:49,2025-08-03 19:00:23,278,W,14.30,6.80,1.53,1.26,0.95
3/08/2025 19:19,2025-08-03 19:30:23,272,W,15.40,5.60,1.77,1.28,0.90
3/08/2025 19:59,2025-08-03 20:00:22,271,W,18.20,5.70,1.85,1.32,0.93
3/08/2025 20:09,2025-08-03 20:15:22,271,W,18.20,5.70,1.85,1.32,0.93
3/08/2025 20:24,2025-08-03 20:30:21,271,W,18.20,5.70,1.85,1.32,0.93
3/08/2025 20:34,2025-08-03 20:45:23,265,W,16.7,5.50,2.14,1.46,1.00
3/08/2025 20:59,2025-08-03 21:00:21,259,W,20.O0,5.20,1.91,1.52,1.08
3/08/2025 21:14,2025-08-03 21:15:22,259,W,20.O0,5.20,1.91,1.52,1.08
3/08/2025 21:19,2025-08-03 21:30:22,259,W,20.O0,5.20,1.91,1.52,1.08
3/08/2025 21:44,2025-08-03 21:45:22,266,W,18.20,5.20,1.92,1.48,1.04
3/08/2025 21:54,2025-08-03 22:00:23,266,W,18.20,5.20,1.92,1.48,1.04
3/08/2025 22:14,2025-08-03 22:15:22,268,W,18.20,5.60,2.27,1.53,1.10
3/08/2025 22:29,2025-08-03 22:30:21,265,W,18.20,5.10,2.02,1.55,1.06
3/08/2025 22:44,2025-08-03 22:45:21,265,W,18.20,5.10,2.02,1.55,1.06
3/08/2025 22:59,2025-08-03 23:00:21,267,W,16.7,5.50,1.63,1.36,1.00
3/08/2025 23:14,2025-08-03 23:15:22,267,W,16.7,5.50,1.63,1.36,1.00
3/08/2025 23:29,2025-08-03 23:30:22,263,W,15.40,4.80,1.97,1.29,0.93
3/08/2025 23:44,2025-08-03 23:45:22,263,W,15.40,4.80,1.97,1.29,0.93
3/08/2025 23:59,2025-08-04 00:00:21,271,W,18.20,5.70,2.13,1.60,1.10
4/08/2025 00:14,2025-08-04 00:15:22,0,N,0.00,0.00,0.00,0.00,0.00
4/08/2025 00:28,2025-08-04 00:30:21,266,W,18.20,6.60,2.16,1.61,1.19
4/08/2025 00:44,2025-08-04 00:45:22,266,W,18.20,6.60,2.16,1.61,1.19
4/08/2025 00:59,2025-08-04 01:00:23,269,W,18.20,5.60,2.05,1.51,1.04
4/08/2025 01:14,2025-08-04 01:15:23,269,W,18.20,5.60,2.05,1.51,1.04
4/08/2025 01:29,2025-08-04 01:30:21,265,W,16.7,5.40,1.66,1.32,0.96
4/08/2025 01:44,2025-08-04 01:45:23,265,W,16.7,5.40,1.66,1.32,0.96
4/08/2025 01:59,2025-08-04 02:00:23,264,W,18.20,5.20,1.91,1.43,1.01
4/08/2025 02:14,2025-08-04 02:15:21,264,W,18.20,5.20,1.91,1.43,1.01
4/08/2025 02:29,2025-08-04 02:30:22,270,W,18.20,6.60,2.25,1.74,1.22
4/08/2025 02:39,2025-08-04 02:45:22,270,W,18.20,6.60,2.25,1.74,1.22
4/08/2025 02:59,2025-08-04 03:00:22,270,W,18.20,5.40,1.76,1.29,0.90
4/08/2025 03:14,2025-08-04 03:15:22,270,W,18.20,5.40,1.76,1.29,0.90
4/08/2025 03:29,2025-08-04 03:30:21,265,W,18.20,6.00,2.17,1.45,1.03
4/08/2025 03:44,2025-08-04 03:45:22,265,W,18.20,6.00,2.17,1.45,1.03
4/08/2025 03:59,2025-08-04 04:00:21,264,W,18.20,5.70,1.94,1.29,0.95
4/08/2025 04:14,2025-08-04 04:15:21,264,W,18.20,5.70,1.94,1.29,0.95
4/08/2025 04:29,2025-08-04 04:30:22,268,W,16.7,5.20,1.88,1.23,0.90
4/08/2025 04:39,2025-08-04 04:45:20,268,W,16.7,5.20,1.88,1.23,0.90
4/08/2025 04:54,2025-08-04 05:00:21,268,W,16.7,5.20,1.88,1.23,0.90
4/08/2025 05:29,2025-08-04 05:30:21,267,W,16.7,5.50,2.00,1.52,1.04
4/08/2025 05:29,2025-08-04 05:45:22,267,W,16.7,5.50,2.00,1.52,1.04
4/08/2025 05:49,2025-08-04 06:00:22,267,W,16.7,5.50,2.00,1.52,1.04
4/08/2025 06:09,2025-08-04 06:15:21,270,W,16.7,6.20,1.61,1.42,1.02
4/08/2025 06:24,2025-08-04 06:30:21,270,W,16.7,6.20,1.61,1.42,1.02
4/08/2025 06:44,2025-08-04 06:45:21,266,W,15.40,5.20,1.83,1.35,0.93
4/08/2025 06:49,2025-08-04 07:00:21,266,W,15.40,5.20,1.83,1.35,0.93
4/08/2025 07:08,2025-08-04 07:15:21,268,W,15.40,5.20,1.89,1.29,0.90
4/08/2025 07:29,2025-08-04 07:30:22,259,W,15.40,4.50,1.53,1.08,0.77
4/08/2025 07:39,2025-08-04 07:45:21,259,W,15.40,4.50,1.53,1.08,0.77
4/08/2025 07:59,2025-08-04 08:00:21,259,W,16.7,4.60,1.63,1.11,0.77
4/08/2025 08:04,2025-08-04 08:15:22,259,W,16.7,4.60,1.63,1.11,0.77
4/08/2025 08:29,2025-08-04 08:30:22,268,W,18.20,5.10,1.71,1.23,0.87
4/08/2025 08:44,2025-08-04 08:45:22,268,W,18.20,5.10,1.71,1.23,0.87
4/08/2025 08:49,2025-08-04 09:00:20,268,W,18.20,5.10,1.71,1.23,0.87
4/08/2025 09:29,2025-08-04 09:30:23,267,W,16.7,5.90,1.65,1.25,0.90
4/08/2025 10:04,2025-08-04 10:15:21,271,W,16.7,5.00,1.72,1.10,0.77
4/08/2025 10:29,2025-08-04 10:30:23,266,W,15.40,4.80,1.51,1.04,0.73
4/08/2025 10:39,2025-08-04 10:45:23,266,W,15.40,4.80,1.51,1.04,0.73
4/08/2025 10:54,2025-08-04 11:00:23,266,W,15.40,4.80,1.51,1.04,0.73
4/08/2025 11:29,2025-08-04 11:30:22,266,W,16.7,5.70,1.88,1.32,0.94
4/08/2025 11:54,2025-08-04 12:00:21,266,W,16.7,5.70,1.88,1.32,0.94
4/08/2025 12:14,2025-08-04 12:15:26,270,W,15.40,5.60,1.70,1.29,0.90
4/08/2025 12:29,2025-08-04 12:30:22,273,W,15.40,5.50,1.84,1.23,0.85
4/08/2025 12:34,2025-08-04 12:45:22,273,W,15.40,5.50,1.84,1.23,0.85
4/08/2025 12:54,2025-08-04 13:00:21,273,W,15.40,5.50,1.84,1.23,0.85
4/08/2025 13:29,2025-08-04 13:30:21,276,W,15.40,5.40,1.18,0.90,0.68
4/08/2025 13:39,2025-08-04 13:45:22,276,W,15.40,5.40,1.18,0.90,0.68
4/08/2025 13:59,2025-08-04 14:00:22,271,W,15.40,8.60,1.71,1.26,1.04
4/08/2025 14:09,2025-08-04 14:15:21,271,W,15.40,8.60,1.71,1.26,1.04
4/08/2025 14:19,2025-08-04 14:30:21,271,W,15.40,8.60,1.71,1.26,1.04
4/08/2025 14:44,2025-08-04 14:45:25,270,W,16.7,9.00,1.29,1.10,0.93
4/08/2025 14:54,2025-08-04 15:00:22,270,W,16.7,9.00,1.29,1.10,0.93
4/08/2025 15:04,2025-08-04 15:15:22,274,W,15.40,9.00,1.29,1.11,0.88
4/08/2025 15:29,2025-08-04 15:30:21,273,W,15.40,9.10,1.49,1.12,0.88
4/08/2025 15:44,2025-08-04 15:45:22,273,W,15.40,9.10,1.49,1.12,0.88
4/08/2025 15:59,2025-08-04 16:00:22,268,W,15.40,7.70,1.17,1.05,0.86
4/08/2025 16:14,2025-08-04 16:15:22,268,W,15.40,7.70,1.17,1.05,0.86
4/08/2025 16:29,2025-08-04 16:30:23,273,W,15.40,7.80,1.10,0.91,0.75
4/08/2025 16:44,2025-08-04 16:45:21,273,W,15.40,7.80,1.10,0.91,0.75
4/08/2025 16:59,2025-08-04 17:00:21,276,W,14.30,7.70,1.14,0.92,0.73
4/08/2025 17:14,2025-08-04 17:15:22,276,W,14.30,7.70,1.14,0.92,0.73
4/08/2025 17:29,2025-08-04 17:30:21,275,W,15.40,9.60,1.24,1.13,0.90
4/08/2025 17:44,2025-08-04 17:45:22,275,W,15.40,9.60,1.24,1.13,0.90
4/08/2025 17:59,2025-08-04 18:00:21,280,W,14.30,9.50,1.22,1.01,0.84
4/08/2025 18:29,2025-08-04 18:30:22,275,W,15.40,9.50,1.33,1.03,0.84
4/08/2025 18:59,2025-08-04 19:00:24,274,W,15.40,9.60,1.31,1.06,0.86
4/08/2025 19:13,2025-08-04 19:15:21,274,W,15.40,9.60,1.31,1.06,0.86
4/08/2025 19:29,2025-08-04 19:30:22,271,W,15.40,8.90,1.41,1.03,0.81
4/08/2025 19:39,2025-08-04 19:45:23,271,W,15.40,8.90,1.41,1.03,0.81
4/08/2025 19:49,2025-08-04 20:00:21,271,W,15.40,8.90,1.41,1.03,0.81
4/08/2025 20:14,2025-08-04 20:15:22,279,W,15.40,9.30,1.15,1.02,0.82
4/08/2025 20:29,2025-08-04 20:30:23,278,W,14.30,9.40,1.29,1.09,0.87
4/08/2025 20:34,2025-08-04 20:45:21,278,W,14.30,9.40,1.29,1.09,0.87
4/08/2025 20:59,2025-08-04 21:00:22,272,W,14.30,9.30,1.43,1.12,0.90
4/08/2025 21:14,2025-08-04 21:15:22,272,W,14.30,9.30,1.43,1.12,0.90
4/08/2025 21:19,2025-08-04 21:30:21,272,W,14.30,9.30,1.43,1.12,0.90
4/08/2025 21:29,2025-08-04 21:45:21,274,W,15.40,9.80,1.42,1.17,0.96
4/08/2025 21:59,2025-08-04 22:00:21,274,W,13.3,7.40,1.09,1.02,0.81
4/08/2025 22:09,2025-08-04 22:15:21,274,W,13.3,7.40,1.09,1.02,0.81
4/08/2025 22:29,2025-08-04 22:30:21,274,W,14.30,6.50,1.55,1.04,0.77
4/08/2025 22:44,2025-08-04 22:45:21,274,W,14.30,6.50,1.55,1.04,0.77
4/08/2025 22:59,2025-08-04 23:00:21,277,W,14.30,7.30,1.43,1.10,0.89
4/08/2025 23:14,2025-08-04 23:15:22,277,W,14.30,7.30,1.43,1.10,0.89
4/08/2025 23:29,2025-08-04 23:30:21,276,W,15.40,6.20,1.09,0.85,0.65
4/08/2025 23:44,2025-08-04 23:45:22,276,W,15.40,6.20,1.09,0.85,0.65
4/08/2025 23:59,2025-08-05 00:00:23,273,W,14.30,7.60,1.40,1.00,0.77
5/08/2025 00:14,2025-08-05 00:15:22,0,N,0.00,0.00,0.00,0.00,0.00
5/08/2025 00:29,2025-08-05 00:30:27,271,W,13.3,7.40,1.27,1.01,0.73
5/08/2025 00:44,2025-08-05 00:45:21,271,W,13.3,7.40,1.27,1.01,0.73
5/08/2025 00:59,2025-08-05 01:00:22,278,W,14.30,8.50,1.18,0.94,0.77
5/08/2025 01:29,2025-08-05 01:30:23,278,W,14.30,9.10,1.25,0.95,0.80
5/08/2025 01:44,2025-08-05 01:45:21,278,W,14.30,9.10,1.25,0.95,0.80
5/08/2025 01:58,2025-08-05 02:00:23,276,W,14.30,7.70,1.06,0.86,0.67
5/08/2025 02:09,2025-08-05 02:15:23,276,W,14.30,7.70,1.06,0.86,0.67
5/08/2025 02:29,2025-08-05 02:30:22,275,W,15.40,7.90,0.87,0.79,0.65
5/08/2025 02:39,2025-08-05 02:45:21,275,W,15.40,7.90,0.87,0.79,0.65
5/08/2025 02:59,2025-08-05 03:00:21,83,WNW,14.30,6.90,1.22,0.99,0.77
5/08/2025 03:14,2025-08-05 03:15:21,83,WNW,14.30,6.90,1.22,0.99,0.77
5/08/2025 03:29,2025-08-05 03:30:23,281,W,14.30,5.80,1.29,0.93,0.65
5/08/2025 03:44,2025-08-05 03:45:21,281,W,14.30,5.80,1.29,0.93,0.65
5/08/2025 03:59,2025-08-05 04:00:21,281,W,14.30,6.60,1.27,0.92,0.68
5/08/2025 04:14,2025-08-05 04:15:22,281,W,14.30,6.60,1.27,0.92,0.68
5/08/2025 04:29,2025-08-05 04:30:22,86,WNW,14.30,6.30,0.92,0.75,0.58
5/08/2025 04:39,2025-08-05 04:45:22,86,WNW,14.30,6.30,0.92,0.75,0.58
5/08/2025 04:59,2025-08-05 05:00:23,88,WNW,14.30,7.80,0.94,0.81,0.68
5/08/2025 05:19,2025-08-05 05:30:21,88,WNW,14.30,7.80,0.94,0.81,0.68
5/08/2025 05:44,2025-08-05 05:45:23,82,WNW,14.30,6.40,1.03,0.86,0.66
5/08/2025 05:59,2025-08-05 06:00:23,88,WNW,14.30,6.70,0.98,0.85,0.63
5/08/2025 06:04,2025-08-05 06:15:21,88,WNW,14.30,6.70,0.98,0.85,0.63
5/08/2025 06:29,2025-08-05 06:30:21,91,WNW,14.30,5.20,1.01,0.81,0.60
5/08/2025 06:44,2025-08-05 06:45:22,91,WNW,14.30,5.20,1.01,0.81,0.60
5/08/2025 06:54,2025-08-05 07:00:22,91,WNW,14.30,5.20,1.01,0.81,0.60
5/08/2025 07:09,2025-08-05 07:15:21,88,WNW,14.30,4.70,1.12,0.77,0.56
5/08/2025 07:19,2025-08-05 07:30:21,88,WNW,14.30,4.70,1.12,0.77,0.56
5/08/2025 07:44,2025-08-05 07:45:21,85,WNW,14.30,5.60,1.10,0.85,0.64
5/08/2025 07:49,2025-08-05 08:00:21,85,WNW,14.30,5.60,1.10,0.85,0.64
5/08/2025 08:14,2025-08-05 08:15:21,87,WNW,13.3,6.40,1.11,0.95,0.70
5/08/2025 08:29,2025-08-05 08:30:21,90,WNW,13.3,5.10,1.09,0.79,0.59
5/08/2025 08:39,2025-08-05 08:45:22,90,WNW,13.3,5.10,1.09,0.79,0.59
5/08/2025 08:59,2025-08-05 09:00:22,89,WNW,13.3,5.70,0.99,0.74,0.58
5/08/2025 08:59,2025-08-05 09:15:22,89,WNW,13.3,5.70,0.99,0.74,0.58
5/08/2025 09:24,2025-08-05 09:30:22,89,WNW,13.3,5.70,0.99,0.74,0.58
5/08/2025 09:44,2025-08-05 09:45:23,96,WNW,13.3,5.80,0.96,0.75,0.58
5/08/2025 09:59,2025-08-05 10:00:21,91,WNW,14.30,5.10,0.92,0.70,0.52
5/08/2025 10:14,2025-08-05 10:15:29,91,WNW,14.30,5.10,0.92,0.70,0.52
5/08/2025 10:24,2025-08-05 10:30:21,91,WNW,14.30,5.10,0.92,0.70,0.52
5/08/2025 10:44,2025-08-05 10:45:23,96,WNW,13.3,4.80,0.96,0.70,0.53
5/08/2025 10:59,2025-08-05 11:00:23,99,WNW,13.3,4.30,1.08,0.78,0.57
5/08/2025 11:09,2025-08-05 11:15:22,99,WNW,13.3,4.30,1.08,0.78,0.57
5/08/2025 11:29,2025-08-05 11:30:21,94,WNW,13.3,4.50,1.01,0.77,0.59
5/08/2025 11:44,2025-08-05 11:45:22,94,WNW,13.3,4.50,1.01,0.77,0.59
5/08/2025 11:59,2025-08-05 12:00:22,99,WNW,13.3,4.10,1.15,0.73,0.55
5/08/2025 12:14,2025-08-05 12:15:23,99,WNW,13.3,4.10,1.15,0.73,0.55
5/08/2025 12:29,2025-08-05 12:30:21,O0,WNW,13.3,3.80,1.02,0.70,0.53
5/08/2025 12:44,2025-08-05 12:45:22,O0,WNW,13.3,3.80,1.02,0.70,0.53
5/08/2025 12:49,2025-08-05 13:00:21,O0,WNW,13.3,3.80,1.02,0.70,0.53
5/08/2025 13:04,2025-08-05 13:15:22,91,WNW,14.30,4.40,1.16,0.79,0.57
5/08/2025 13:29,2025-08-05 13:30:22,99,WNW,13.3,4.50,1.11,0.75,0.54
5/08/2025 13:39,2025-08-05 13:45:22,99,WNW,13.3,4.50,1.11,0.75,0.54
5/08/2025 13:54,2025-08-05 14:00:22,99,WNW,13.3,4.50,1.11,0.75,0.54
5/08/2025 13:59,2025-08-05 14:15:21,87,WNW,14.30,5.20,0.81,0.69,0.54
5/08/2025 14:29,2025-08-05 14:30:22,91,WNW,14.30,4.60,1.03,0.62,0.47
5/08/2025 14:44,2025-08-05 14:45:22,91,WNW,14.30,4.60,1.03,0.62,0.47
5/08/2025 14:49,2025-08-05 15:00:22,91,WNW,14.30,4.60,1.03,0.62,0.47
5/08/2025 15:08,2025-08-05 15:15:22,91,WNW,13.3,4.60,1.16,0.72,0.50
5/08/2025 15:29,2025-08-05 15:30:23,99,WNW,13.3,4.10,0.95,0.61,0.43
5/08/2025 15:44,2025-08-05 15:45:36,99,WNW,13.3,4.10,0.95,0.61,0.43
5/08/2025 15:54,2025-08-05 16:00:22,99,WNW,13.3,4.10,0.95,0.61,0.43
5/08/2025 16:14,2025-08-05 16:15:22,92,WNW,13.3,5.50,0.85,0.63,0.48
5/08/2025 16:29,2025-08-05 16:30:24,91,WNW,14.30,6.60,0.71,0.63,0.49
5/08/2025 16:44,2025-08-05 16:45:22,91,WNW,14.30,6.60,0.71,0.63,0.49
5/08/2025 16:59,2025-08-05 17:00:23,88,WNW,14.30,7.10,0.97,0.68,0.55
5/08/2025 17:04,2025-08-05 17:15:22,88,WNW,14.30,7.10,0.97,0.68,0.55
5/08/2025 17:24,2025-08-05 17:30:21,88,WNW,14.30,7.10,0.97,0.68,0.55
5/08/2025 17:39,2025-08-05 17:45:22,88,WNW,13.3,8.20,0.79,0.67,0.55
5/08/2025 17:59,2025-08-05 18:00:26,90,WNW,13.3,8.70,1.11,0.71,0.57
5/08/2025 18:14,2025-08-05 18:15:22,90,WNW,13.3,8.70,1.11,0.71,0.57
5/08/2025 18:29,2025-08-05 18:30:24,83,WNW,12.50,4.90,0.87,0.58,0.44
5/08/2025 18:44,2025-08-05 18:45:25,83,WNW,12.50,4.90,0.87,0.58,0.44
5/08/2025 18:59,2025-08-05 19:00:22,94,WNW,13.3,6.10,0.81,0.67,0.55
5/08/2025 19:14,2025-08-05 19:15:21,94,WNW,13.3,6.10,0.81,0.67,0.55
5/08/2025 19:29,2025-08-05 19:30:22,89,WNW,11.80,5.40,0.73,0.58,0.45
5/08/2025 19:44,2025-08-05 19:45:21,89,WNW,11.80,5.40,0.73,0.58,0.45
5/08/2025 19:54,2025-08-05 20:00:21,89,WNW,11.80,5.40,0.73,0.58,0.45
5/08/2025 20:04,2025-08-05 20:15:23,95,WNW,12.50,5.80,0.92,0.66,0.49
5/08/2025 20:19,2025-08-05 20:30:23,95,WNW,12.50,5.80,0.92,0.66,0.49
5/08/2025 20:39,2025-08-05 20:45:22,03,WNW,13.3,7.00,0.90,0.75,0.59
5/08/2025 20:54,2025-08-05 21:00:22,03,WNW,13.3,7.00,0.90,0.75,0.59
5/08/2025 21:14,2025-08-05 21:15:21,96,WNW,11.80,6.60,0.77,0.69,0.55
5/08/2025 21:28,2025-08-05 21:30:22,99,WNW,11.80,6.70,0.93,0.75,0.58
5/08/2025 21:39,2025-08-05 21:45:21,99,WNW,11.80,6.70,0.93,0.75,0.58
5/08/2025 21:59,2025-08-05 22:00:21,99,WNW,12.50,6.40,0.84,0.70,0.55
5/08/2025 22:14,2025-08-05 22:15:22,99,WNW,12.50,6.40,0.84,0.70,0.55
5/08/2025 22:29,2025-08-05 22:30:23,93,WNW,12.50,6.90,1.21,0.94,0.69
5/08/2025 22:44,2025-08-05 22:45:22,93,WNW,12.50,6.90,1.21,0.94,0.69
5/08/2025 22:59,2025-08-05 23:00:23,305,NW,11.80,5.90,0.85,0.74,0.58
5/08/2025 23:14,2025-08-05 23:15:21,305,NW,11.80,5.90,0.85,0.74,0.58
5/08/2025 23:29,2025-08-05 23:30:23,;02,WNW,13.3,5.70,0.91,0.70,0.56
5/08/2025 23:44,2025-08-05 23:45:21,;02,WNW,13.3,5.70,0.91,0.70,0.56
5/08/2025 23:59,2025-08-06 00:00:22,03,WNW,13.3,5.90,0.88,0.72,0.58
6/08/2025 00:14,2025-08-06 00:15:21,0,N,0.00,0.00,0.00,0.00,0.00
6/08/2025 00:29,2025-08-06 00:30:22,99,WNW,13.3,5.50,1.00,0.78,0.59
6/08/2025 00:39,2025-08-06 00:45:23,99,WNW,13.3,5.50,1.00,0.78,0.59
6/08/2025 00:59,2025-08-06 01:00:22,306,NW,11.80,5.30,0.98,0.70,0.52
6/08/2025 01:14,2025-08-06 01:15:21,306,NW,11.80,5.30,0.98,0.70,0.52
6/08/2025 01:29,2025-08-06 01:30:22,98,WNW,13.3,6.90,1.15,0.82,0.65
6/08/2025 01:44,2025-08-06 01:45:21,98,WNW,13.3,6.90,1.15,0.82,0.65
6/08/2025 01:59,2025-08-06 02:00:22,307,NW,11.80,5.70,0.99,0.79,0.59
6/08/2025 02:14,2025-08-06 02:15:23,307,NW,11.80,5.70,0.99,0.79,0.59
6/08/2025 02:29,2025-08-06 02:30:22,308,NW,13.3,5.10,1.27,0.80,0.59
6/08/2025 02:44,2025-08-06 02:45:22,308,NW,13.3,5.10,1.27,0.80,0.59
6/08/2025 02:59,2025-08-06 03:00:22,311,NW,12.50,5.60,1.12,0.86,0.64
6/08/2025 03:09,2025-08-06 03:15:22,311,NW,12.50,5.60,1.12,0.86,0.64
6/08/2025 03:29,2025-08-06 03:30:21,313,NW,14.30,5.00,1.07,0.79,0.59
6/08/2025 03:39,2025-08-06 03:45:21,313,NW,14.30,5.00,1.07,0.79,0.59
6/08/2025 03:54,2025-08-06 04:00:22,313,NW,14.30,5.00,1.07,0.79,0.59
6/08/2025 04:13,2025-08-06 04:15:23,314,NW,11.80,5.20,1.12,0.84,0.64
6/08/2025 04:29,2025-08-06 04:30:23,318,NW,11.10,5.10,1.15,0.84,0.64
6/08/2025 04:39,2025-08-06 04:45:22,318,NW,11.10,5.10,1.15,0.84,0.64
6/08/2025 04:59,2025-08-06 05:00:21,315,NW,13.3,5.50,1.23,0.95,0.70
6/08/2025 05:14,2025-08-06 05:15:22,315,NW,13.3,5.50,1.23,0.95,0.70
6/08/2025 05:29,2025-08-06 05:30:21,324,NW,15.40,5.00,1.27,0.89,0.68
6/08/2025 05:39,2025-08-06 05:45:21,324,NW,15.40,5.00,1.27,0.89,0.68
6/08/2025 05:54,2025-08-06 06:00:22,324,NW,15.40,5.00,1.27,0.89,0.68
6/08/2025 06:09,2025-08-06 06:15:21,325,NW,11.80,4.90,1.19,0.88,0.67
6/08/2025 06:19,2025-08-06 06:30:22,325,NW,11.80,4.90,1.19,0.88,0.67
6/08/2025 06:44,2025-08-06 06:45:23,319,NW,11.80,5.10,1.49,0.99,0.71
6/08/2025 06:54,2025-08-06 07:00:21,319,NW,11.80,5.10,1.49,0.99,0.71
6/08/2025 06:59,2025-08-06 07:15:21,314,NW,12.50,4.80,1.21,0.89,0.68
6/08/2025 07:24,2025-08-06 07:30:21,314,NW,12.50,4.80,1.21,0.89,0.68
6/08/2025 07:34,2025-08-06 07:45:21,317,NW,11.80,4.90,1.19,0.90,0.69
6/08/2025 07:59,2025-08-06 08:00:22,309,NW,11.80,5.30,1.08,0.90,0.66
6/08/2025 08:09,2025-08-06 08:15:22,309,NW,11.80,5.30,1.08,0.90,0.66
6/08/2025 08:24,2025-08-06 08:30:21,309,NW,11.80,5.30,1.08,0.90,0.66
6/08/2025 08:39,2025-08-06 08:45:21,98,WNW,14.30,5.00,1.23,0.85,0.60
6/08/2025 08:49,2025-08-06 09:00:21,98,WNW,14.30,5.00,1.23,0.85,0.60
6/08/2025 09:09,2025-08-06 09:15:22,305,NW,14.30,5.90,1.36,0.96,0.71
6/08/2025 09:24,2025-08-06 09:30:22,305,NW,14.30,5.90,1.36,0.96,0.71
6/08/2025 09:39,2025-08-06 09:45:22,97,WNW,15.40,6.30,1.22,0.92,0.74
6/08/2025 09:49,2025-08-06 10:00:23,97,WNW,15.40,6.30,1.22,0.92,0.74
6/08/2025 10:09,2025-08-06 10:15:23,98,WNW,15.40,5.40,1.13,0.91,0.67
6/08/2025 10:54,2025-08-06 11:00:22,98,WNW,15.40,7.00,1.38,1.01,0.79
6/08/2025 11:04,2025-08-06 11:15:21,;01,WNW,15.40,6.00,1.20,0.90,0.67
6/08/2025 11:29,2025-08-06 11:30:22,O0,WNW,15.40,5.10,1.06,0.86,0.63
6/08/2025 11:39,2025-08-06 11:45:22,O0,WNW,15.40,5.10,1.06,0.86,0.63
6/08/2025 12:09,2025-08-06 12:15:22,309,NW,14.30,4.70,1.56,0.89,0.62
6/08/2025 12:19,2025-08-06 12:30:21,309,NW,14.30,4.70,1.56,0.89,0.62
6/08/2025 12:29,2025-08-06 12:45:22,313,NW,13.3,4.50,0.98,0.76,0.60
6/08/2025 12:54,2025-08-06 13:00:22,313,NW,13.3,4.50,0.98,0.76,0.60
6/08/2025 13:04,2025-08-06 13:15:22,323,NW,15.40,4.80,1.23,0.93,0.71
6/08/2025 13:29,2025-08-06 13:30:21,333,NNM,14.30,3.90,1.33,0.96,0.74
6/08/2025 13:44,2025-08-06 13:45:22,333,NNM,14.30,3.90,1.33,0.96,0.74
6/08/2025 13:54,2025-08-06 14:00:21,333,NNM,14.30,3.90,1.33,0.96,0.74
6/08/2025 14:04,2025-08-06 14:15:21,336,NNW,14.30,4.00,1.60,0.93,0.73
6/08/2025 14:29,2025-08-06 14:30:23,352,N,14.30,3.70,1.70,0.93,0.72
6/08/2025 14:39,2025-08-06 14:45:21,352,N,14.30,3.70,1.70,0.93,0.72
6/08/2025 14:44,2025-08-06 15:00:22,352,N,14.30,3.70,1.70,0.93,0.72
6/08/2025 15:04,2025-08-06 15:15:23,336,NNW,14.30,4.10,1.28,0.95,0.74
6/08/2025 15:29,2025-08-06 15:30:23,344,NNM,14.30,3.90,1.29,0.86,0.68
6/08/2025 15:39,2025-08-06 15:45:21,344,NNM,14.30,3.90,1.29,0.86,0.68
6/08/2025 15:49,2025-08-06 16:00:22,344,NNM,14.30,3.90,1.29,0.86,0.68
6/08/2025 16:14,2025-08-06 16:15:25,325,NW,14.30,4.10,1.19,0.82,0.61
6/08/2025 16:29,2025-08-06 16:30:23,316,NW,14.30,4.40,1.39,0.76,0.59
6/08/2025 16:39,2025-08-06 16:45:22,316,NW,14.30,4.40,1.39,0.76,0.59
6/08/2025 16:54,2025-08-06 17:00:21,316,NW,14.30,4.40,1.39,0.76,0.59
6/08/2025 17:14,2025-08-06 17:15:22,319,NW,15.40,4.20,0.97,0.76,0.54
6/08/2025 17:24,2025-08-06 17:30:22,319,NW,15.40,4.20,0.97,0.76,0.54
6/08/2025 17:34,2025-08-06 17:45:22,319,NW,12.50,4.50,1.25,0.76,0.55
6/08/2025 17:59,2025-08-06 18:00:25,97,WNW,14.30,5.20,1.05,0.81,0.60
6/08/2025 18:14,2025-08-06 18:15:21,97,WNW,14.30,5.20,1.05,0.81,0.60
6/08/2025 18:19,2025-08-06 18:30:22,97,WNW,14.30,5.20,1.05,0.81,0.60
6/08/2025 18:44,2025-08-06 18:45:22,312,NW,14.30,4.70,0.97,0.73,0.55
6/08/2025 18:54,2025-08-06 19:00:22,312,NW,14.30,4.70,0.97,0.73,0.55
6/08/2025 19:04,2025-08-06 19:15:21,03,WNW,14.30,6.60,1.18,1.01,0.76
6/08/2025 19:19,2025-08-06 19:30:21,03,WNW,14.30,6.60,1.18,1.01,0.76
6/08/2025 19:39,2025-08-06 19:45:21,O0,WNW,14.30,6.60,1.21,0.83,0.66
6/08/2025 19:54,2025-08-06 20:00:22,O0,WNW,14.30,6.60,1.21,0.83,0.66
6/08/2025 20:29,2025-08-06 20:30:23,304,NW,14.30,6.20,1.29,0.92,0.69
6/08/2025 20:39,2025-08-06 20:45:21,304,NW,14.30,6.20,1.29,0.92,0.69
6/08/2025 20:59,2025-08-06 21:00:23,307,NW,11.10,6.50,1.44,1.00,0.77
6/08/2025 21:14,2025-08-06 21:15:23,307,NW,11.10,6.50,1.44,1.00,0.77
6/08/2025 21:24,2025-08-06 21:30:21,307,NW,11.10,6.50,1.44,1.00,0.77
6/08/2025 21:39,2025-08-06 21:45:21,312,NW,11.10,5.30,1.16,0.86,0.65
6/08/2025 21:59,2025-08-06 22:00:22,311,NW,14.30,5.30,1.11,0.93,0.71
6/08/2025 22:14,2025-08-06 22:15:22,311,NW,14.30,5.30,1.11,0.93,0.71
6/08/2025 22:24,2025-08-06 22:30:21,311,NW,14.30,5.30,1.11,0.93,0.71
6/08/2025 22:44,2025-08-06 22:45:22,324,NW,14.30,4.70,0.99,0.80,0.60
6/08/2025 22:59,2025-08-06 23:00:23,;02,WNW,20.O0,5.50,1.00,0.84,0.66
6/08/2025 23:09,2025-08-06 23:15:22,;02,WNW,20.O0,5.50,1.00,0.84,0.66
6/08/2025 23:29,2025-08-06 23:30:21,316,NW,14.30,4.70,1.13,0.82,0.62
6/08/2025 23:44,2025-08-06 23:45:23,316,NW,14.30,4.70,1.13,0.82,0.62
6/08/2025 23:59,2025-08-07 00:00:23,313,NW,11.80,5.80,1.11,0.85,0.67
7/08/2025 00:13,2025-08-07 00:15:23,0,N,0.00,0.00,0.00,0.00,0.00
7/08/2025 00:28,2025-08-07 00:30:22,;01,WNW,20.O0,5.60,1.15,0.84,0.62
7/08/2025 00:39,2025-08-07 00:45:22,;01,WNW,20.O0,5.60,1.15,0.84,0.62
7/08/2025 00:59,2025-08-07 01:00:22,312,NW,20.O0,5.40,1.07,0.83,0.61
7/08/2025 01:09,2025-08-07 01:15:22,312,NW,20.O0,5.40,1.07,0.83,0.61
7/08/2025 01:29,2025-08-07 01:30:21,318,NW,12.5,4.40,0.92,0.66,0.50
7/08/2025 01:44,2025-08-07 01:45:21,318,NW,12.5,4.40,0.92,0.66,0.50
7/08/2025 01:59,2025-08-07 02:00:23,306,NW,20.O0,5.00,1.07,0.82,0.63
7/08/2025 02:14,2025-08-07 02:15:28,306,NW,20.O0,5.00,1.07,0.82,0.63
7/08/2025 02:29,2025-08-07 02:30:23,317,NW,11.80,4.30,1.14,0.78,0.59
7/08/2025 02:44,2025-08-07 02:45:22,317,NW,11.80,4.30,1.14,0.78,0.59
7/08/2025 02:59,2025-08-07 03:00:23,319,NW,20.O0,4.30,1.01,0.80,0.61
7/08/2025 03:04,2025-08-07 03:15:22,319,NW,20.O0,4.30,1.01,0.80,0.61
7/08/2025 03:29,2025-08-07 03:30:22,337,NNW,11.10,3.70,1.02,0.71,0.57
7/08/2025 03:39,2025-08-07 03:45:22,337,NNW,11.10,3.70,1.02,0.71,0.57
7/08/2025 03:59,2025-08-07 04:00:22,320,NW,20.O0,4.60,1.17,0.91,0.71
7/08/2025 04:14,2025-08-07 04:15:22,320,NW,20.O0,4.60,1.17,0.91,0.71
7/08/2025 04:29,2025-08-07 04:30:22,336,NNW,14.30,4.00,1.13,0.83,0.66
7/08/2025 04:44,2025-08-07 04:45:22,336,NNW,14.30,4.00,1.13,0.83,0.66
7/08/2025 04:59,2025-08-07 05:00:23,324,NW,13.3,4.30,1.41,0.95,0.74
7/08/2025 05:09,2025-08-07 05:15:21,324,NW,13.3,4.30,1.41,0.95,0.74
7/08/2025 05:29,2025-08-07 05:30:22,329,NNW,20.O0,4.10,1.24,0.97,0.74
7/08/2025 05:39,2025-08-07 05:45:21,329,NNW,20.O0,4.10,1.24,0.97,0.74
7/08/2025 05:59,2025-08-07 06:00:22,331,NNW,20.O0,4.60,1.41,1.08,0.83
7/08/2025 06:09,2025-08-07 06:15:21,331,NNW,20.O0,4.60,1.41,1.08,0.83
7/08/2025 06:19,2025-08-07 06:30:22,331,NNW,20.O0,4.60,1.41,1.08,0.83
7/08/2025 06:34,2025-08-07 06:45:22,335,NNW,20.O0,3.90,1.48,0.94,0.73
7/08/2025 06:59,2025-08-07 07:00:22,329,NNW,18.20,4.20,1.34,0.94,0.75
7/08/2025 07:14,2025-08-07 07:15:21,329,NNW,18.20,4.20,1.34,0.94,0.75
7/08/2025 07:24,2025-08-07 07:30:22,329,NNW,18.20,4.20,1.34,0.94,0.75
7/08/2025 07:59,2025-08-07 08:00:22,329,NNW,20.O0,4.30,1.25,0.98,0.78
7/08/2025 08:14,2025-08-07 08:15:21,329,NNW,20.O0,4.30,1.25,0.98,0.78
7/08/2025 08:29,2025-08-07 08:30:24,324,NW,18.20,4.70,1.28,1.01,0.80
7/08/2025 08:44,2025-08-07 08:45:21,324,NW,18.20,4.70,1.28,1.01,0.80
7/08/2025 08:59,2025-08-07 09:00:22,336,NNW,18.20,4.10,1.18,0.92,0.75
7/08/2025 09:04,2025-08-07 09:15:22,336,NNW,18.20,4.10,1.18,0.92,0.75
7/08/2025 09:29,2025-08-07 09:30:22,355,N,18.20,3.60,1.43,0.97,0.81
7/08/2025 09:44,2025-08-07 09:45:23,355,N,18.20,3.60,1.43,0.97,0.81
7/08/2025 09:54,2025-08-07 10:00:22,355,N,18.20,3.60,1.43,0.97,0.81
7/08/2025 10:14,2025-08-07 10:15:22,353,N,20.0,3.70,1.51,1.08,0.87
7/08/2025 10:29,2025-08-07 10:30:21,352,N,18.20,3.80,1.38,1.10,0.90
7/08/2025 10:44,2025-08-07 10:45:22,352,N,18.20,3.80,1.38,1.10,0.90
7/08/2025 10:54,2025-08-07 11:00:22,352,N,18.20,3.80,1.38,1.10,0.90
7/08/2025 11:14,2025-08-07 11:15:22,350,N,18.20,4.00,1.38,1.11,0.92
7/08/2025 11:29,2025-08-07 11:30:22,7,N,18.20,3.50,1.36,1.13,0.94
7/08/2025 11:39,2025-08-07 11:45:21,7,N,18.20,3.50,1.36,1.13,0.94
7/08/2025 11:59,2025-08-07 12:00:22,2,N,18.20,3.80,1.66,1.16,0.95
7/08/2025 12:14,2025-08-07 12:15:22,2,N,18.20,3.80,1.66,1.16,0.95
7/08/2025 12:29,2025-08-07 12:30:22,5,N,18.20,3.50,1.44,1.20,0.99
7/08/2025 12:39,2025-08-07 12:45:21,5,N,18.20,3.50,1.44,1.20,0.99
7/08/2025 12:49,2025-08-07 13:00:22,5,N,18.20,3.50,1.44,1.20,0.99
7/08/2025 13:14,2025-08-07 13:15:21,3,N,18.20,3.70,1.61,1.21,0.98
7/08/2025 13:29,2025-08-07 13:30:21,3,N,18.20,3.80,1.40,1.10,0.93
7/08/2025 13:44,2025-08-07 13:45:21,3,N,18.20,3.80,1.40,1.10,0.93
7/08/2025 13:59,2025-08-07 14:00:22,359,N,4.90,4.00,1.61,1.16,0.96
7/08/2025 14:14,2025-08-07 14:15:23,359,N,4.90,4.00,1.61,1.16,0.96
7/08/2025 14:29,2025-08-07 14:30:23,357,N,18.20,3.80,1.26,1.12,0.92
7/08/2025 14:44,2025-08-07 14:45:23,357,N,18.20,3.80,1.26,1.12,0.92
7/08/2025 14:59,2025-08-07 15:00:23,349,N,18.20,4.00,1.52,1.16,0.92
7/08/2025 15:14,2025-08-07 15:15:21,349,N,18.20,4.00,1.52,1.16,0.92
7/08/2025 15:24,2025-08-07 15:30:22,349,N,18.20,4.00,1.52,1.16,0.92
7/08/2025 15:34,2025-08-07 15:45:21,353,N,4.30,3.90,1.76,1.13,0.91
7/08/2025 15:59,2025-08-07 16:00:23,352,N,4.70,3.70,1.71,1.18,0.94
7/08/2025 16:14,2025-08-07 16:15:22,352,N,4.70,3.70,1.71,1.18,0.94
7/08/2025 16:29,2025-08-07 16:30:21,348,NNW,18.20,4.00,1.76,1.21,0.96
7/08/2025 16:44,2025-08-07 16:45:23,348,NNW,18.20,4.00,1.76,1.21,0.96
7/08/2025 16:59,2025-08-07 17:00:21,353,N,4.70,3.90,1.76,1.31,1.06
7/08/2025 17:14,2025-08-07 17:15:22,353,N,4.70,3.90,1.76,1.31,1.06
7/08/2025 17:19,2025-08-07 17:30:22,353,N,4.70,3.90,1.76,1.31,1.06
7/08/2025 17:44,2025-08-07 17:45:22,352,N,4.90,4.10,1.94,1.42,1.14
7/08/2025 17:59,2025-08-07 18:00:22,350,N,4.30,3.80,1.47,1.17,0.99
7/08/2025 18:09,2025-08-07 18:15:23,350,N,4.30,3.80,1.47,1.17,0.99
7/08/2025 18:29,2025-08-07 18:30:21,352,N,4.80,4.10,1.78,1.45,1.20
7/08/2025 18:39,2025-08-07 18:45:21,352,N,4.80,4.10,1.78,1.45,1.20
7/08/2025 18:59,2025-08-07 19:00:22,352,N,4.70,4.00,1.79,1.45,1.18
7/08/2025 19:14,2025-08-07 19:15:22,352,N,4.70,4.00,1.79,1.45,1.18
7/08/2025 19:29,2025-08-07 19:30:21,352,N,4.90,4.20,2.26,1.67,1.36
7/08/2025 19:44,2025-08-07 19:45:21,352,N,4.90,4.20,2.26,1.67,1.36
7/08/2025 20:24,2025-08-07 20:30:23,357,N,5.30,4.10,2.03,1.61,1.30
7/08/2025 20:44,2025-08-07 20:45:22,354,N,5.30,4.30,2.37,1.69,1.38
7/08/2025 21:09,2025-08-07 21:15:22,354,N,5.00,4.00,2.08,1.57,1.32
7/08/2025 21:29,2025-08-07 21:30:22,2,N,5.10,4.20,2.34,1.79,1.46
7/08/2025 21:44,2025-08-07 21:45:22,2,N,5.10,4.20,2.34,1.79,1.46
7/08/2025 21:59,2025-08-07 22:00:21,359,N,5.40,4.20,2.54,1.83,1.47
7/08/2025 22:14,2025-08-07 22:15:21,359,N,5.40,4.20,2.54,1.83,1.47
7/08/2025 22:24,2025-08-07 22:30:22,359,N,5.40,4.20,2.54,1.83,1.47
7/08/2025 22:44,2025-08-07 22:45:22,356,N,5.60,4.30,2.14,1.84,1.53
7/08/2025 22:59,2025-08-07 23:00:22,359,N,5.70,4.60,2.85,2.13,1.69
7/08/2025 23:09,2025-08-07 23:15:21,359,N,5.70,4.60,2.85,2.13,1.69
7/08/2025 23:29,2025-08-07 23:30:22,358,N,5.60,4.40,2.74,2.11,1.70
7/08/2025 23:44,2025-08-07 23:45:22,358,N,5.60,4.40,2.74,2.11,1.70
7/08/2025 23:59,2025-08-08 00:00:22,359,N,5.70,4.50,2.81,1.95,1.61
8/08/2025 00:14,2025-08-08 00:15:22,0,N,0.00,0.00,0.00,0.00,0.00
8/08/2025 00:29,2025-08-08 00:30:23,1,N,5.90,4.20,3.13,2.11,1.64
8/08/2025 00:39,2025-08-08 00:45:22,1,N,5.90,4.20,3.13,2.11,1.64
8/08/2025 00:59,2025-08-08 01:00:21,3,N,6.20,4.30,2.81,2.13,1.71
8/08/2025 01:14,2025-08-08 01:15:22,3,N,6.20,4.30,2.81,2.13,1.71
8/08/2025 01:29,2025-08-08 01:30:22,3,N,6.10,4.50,2.84,2.20,1.82
8/08/2025 01:44,2025-08-08 01:45:22,3,N,6.10,4.50,2.84,2.20,1.82
8/08/2025 01:59,2025-08-08 02:00:21,356,N,6.70,4.60,3.48,2.31,1.83
8/08/2025 02:09,2025-08-08 02:15:22,356,N,6.70,4.60,3.48,2.31,1.83
8/08/2025 02:29,2025-08-08 02:30:21,358,N,5.90,4.70,2.63,2.22,1.83
8/08/2025 02:44,2025-08-08 02:45:21,358,N,5.90,4.70,2.63,2.22,1.83
8/08/2025 02:59,2025-08-08 03:00:23,356,N,6.70,4.60,3.97,2.33,1.87
8/08/2025 03:09,2025-08-08 03:15:22,356,N,6.70,4.60,3.97,2.33,1.87
8/08/2025 03:29,2025-08-08 03:30:21,1,N,7.10,4.80,3.21,2.52,1.99
8/08/2025 03:44,2025-08-08 03:45:23,1,N,7.10,4.80,3.21,2.52,1.99
8/08/2025 03:59,2025-08-08 04:00:22,358,N,6.10,4.80,3.40,2.49,1.95
8/08/2025 04:14,2025-08-08 04:15:26,358,N,6.10,4.80,3.40,2.49,1.95
8/08/2025 04:29,2025-08-08 04:30:22,359,N,5.90,4.90,4.11,2.83,2.14
8/08/2025 04:44,2025-08-08 04:45:22,359,N,5.90,4.90,4.11,2.83,2.14
8/08/2025 04:59,2025-08-08 05:00:22,356,N,6.70,5.20,4.50,2.98,2.40
8/08/2025 05:09,2025-08-08 05:15:22,356,N,6.70,5.20,4.50,2.98,2.40
8/08/2025 05:14,2025-08-08 05:30:22,356,N,6.70,5.20,4.50,2.98,2.40
8/08/2025 05:44,2025-08-08 05:45:21,356,N,6.70,5.20,3.77,2.83,2.34
8/08/2025 05:59,2025-08-08 06:00:21,353,N,6.70,5.30,3.82,2.92,2.38
8/08/2025 06:09,2025-08-08 06:15:22,353,N,6.70,5.30,3.82,2.92,2.38
8/08/2025 06:29,2025-08-08 06:30:22,352,N,6.90,5.10,4.08,3.00,2.37
8/08/2025 06:44,2025-08-08 06:45:22,352,N,6.90,5.10,4.08,3.00,2.37
8/08/2025 06:49,2025-08-08 07:00:21,352,N,6.90,5.10,4.08,3.00,2.37
8/08/2025 07:04,2025-08-08 07:15:22,353,N,6.70,5.60,4.15,3.26,2.68
8/08/2025 07:29,2025-08-08 07:30:21,354,N,7.10,5.30,4.58,3.17,2.53
8/08/2025 07:39,2025-08-08 07:45:22,354,N,7.10,5.30,4.58,3.17,2.53
8/08/2025 07:49,2025-08-08 08:00:22,354,N,7.10,5.30,4.58,3.17,2.53
8/08/2025 08:14,2025-08-08 08:15:21,350,N,7.70,5.40,3.64,3.20,2.65
8/08/2025 08:19,2025-08-08 08:30:21,350,N,7.70,5.40,3.64,3.20,2.65
8/08/2025 08:44,2025-08-08 08:45:22,348,NNW,7.40,5.30,3.62,3.00,2.44
8/08/2025 08:59,2025-08-08 09:00:22,348,NNW,7.40,5.30,3.62,3.00,2.44
8/08/2025 09:13,2025-08-08 09:15:22,348,NNW,7.40,5.30,3.62,3.00,2.44
8/08/2025 09:18,2025-08-08 09:30:22,348,NNW,7.40,5.30,3.62,3.00,2.44
8/08/2025 09:59,2025-08-08 10:00:25,345,NNW,6.90,5.30,3.86,2.50,2.05
8/08/2025 10:09,2025-08-08 10:15:23,345,NNW,6.90,5.30,3.86,2.50,2.05
8/08/2025 10:19,2025-08-08 10:30:22,345,NNW,6.90,5.30,3.86,2.50,2.05
8/08/2025 10:39,2025-08-08 10:45:21,337,NNW,6.90,5.00,3.19,2.32,1.86
8/08/2025 10:54,2025-08-08 11:00:21,337,NNW,6.90,5.00,3.19,2.32,1.86
8/08/2025 11:14,2025-08-08 11:15:21,331,NNW,6.70,5.30,2.52,2.12,1.74
8/08/2025 11:29,2025-08-08 11:30:21,325,NW,7.10,5.10,2.91,2.19,1.78
8/08/2025 11:34,2025-08-08 11:45:21,325,NW,7.10,5.10,2.91,2.19,1.78
8/08/2025 11:59,2025-08-08 12:00:21,316,NW,7.10,5.30,3.06,2.29,1.85
8/08/2025 12:14,2025-08-08 12:15:22,316,NW,7.10,5.30,3.06,2.29,1.85
8/08/2025 12:29,2025-08-08 12:30:21,314,NW,7.10,5.40,3.15,2.37,1.88
8/08/2025 12:39,2025-08-08 12:45:21,314,NW,7.10,5.40,3.15,2.37,1.88
8/08/2025 12:59,2025-08-08 13:00:23,311,NW,7.10,5.30,3.20,2.50,1.99
8/08/2025 13:09,2025-08-08 13:15:21,311,NW,7.10,5.30,3.20,2.50,1.99
8/08/2025 13:29,2025-08-08 13:30:21,03,WNW,6.90,5.30,3.07,2.56,2.03
8/08/2025 13:39,2025-08-08 13:45:21,03,WNW,6.90,5.30,3.07,2.56,2.03
8/08/2025 13:59,2025-08-08 14:00:22,306,NW,6.50,5.40,3.11,2.51,2.07
8/08/2025 14:14,2025-08-08 14:15:22,306,NW,6.50,5.40,3.11,2.51,2.07
8/08/2025 14:29,2025-08-08 14:30:23,03,WNW,7.10,5.30,3.40,2.42,1.93
8/08/2025 14:34,2025-08-08 14:45:22,03,WNW,7.10,5.30,3.40,2.42,1.93
8/08/2025 14:59,2025-08-08 15:00:22,O0,WNW,6.90,5.40,3.14,2.53,2.08
8/08/2025 15:24,2025-08-08 15:30:21,O0,WNW,6.90,5.40,3.14,2.53,2.08
8/08/2025 15:39,2025-08-08 15:45:21,94,WNW,6.20,5.40,3.55,2.78,2.18
8/08/2025 15:49,2025-08-08 16:00:21,94,WNW,6.20,5.40,3.55,2.78,2.18
8/08/2025 16:14,2025-08-08 16:15:22,94,WNW,6.90,5.20,2.85,2.34,1.94
8/08/2025 16:28,2025-08-08 16:30:21,94,WNW,6.70,4.90,2.69,2.27,1.86
8/08/2025 16:59,2025-08-08 17:00:22,85,WNW,6.90,5.20,3.52,2.60,2.02
9/08/2025 13:29,2025-08-09 13:32:19,266,W,11.10,8.30,3.90,3.14,2.58
9/08/2025 13:29,2025-08-09 13:35:20,266,W,11.10,8.30,3.90,3.14,2.58
9/08/2025 13:29,2025-08-09 13:41:59,266,W,11.10,8.30,3.90,3.14,2.58
9/08/2025 14:14,2025-08-09 14:16:00,265,W,11.10,9.10,3.63,2.96,2.41
10/08/2025 12:14,2025-08-10 12:22:09,260,W,14.30,6.60,2.33,1.87,1.45
10/08/2025 15:49,2025-08-10 15:56:39,260,W,15.40,5.50,1.88,1.58,1.20
10/08/2025 16:09,2025-08-10 16:20:06,266,W,15.40,5.50,2.34,1.82,1.36
11/08/2025 10:39,2025-08-11 10:45:56,260,W,14.30,5.60,2.09,1.51,1.06
11/08/2025 11:59,2025-08-11 12:00:25,262,W,15.40,5.20,1.74,1.41,1.05
11/08/2025 12:09,2025-08-11 12:15:29,262,W,15.40,5.20,1.74,1.41,1.05
11/08/2025 12:29,2025-08-11 12:30:25,262,W,14.30,5.40,1.84,1.44,1.05
11/08/2025 12:44,2025-08-11 12:45:28,262,W,14.30,5.40,1.84,1.44,1.05
11/08/2025 12:59,2025-08-11 13:00:28,264,W,14.30,5.40,1.65,1.25,0.91
11/08/2025 13:14,2025-08-11 13:15:43,264,W,14.30,5.40,1.65,1.25,0.91
11/08/2025 13:19,2025-08-11 13:30:23,264,W,14.30,5.40,1.65,1.25,0.91
11/08/2025 13:39,2025-08-11 13:45:23,263,W,15.40,4.70,1.61,1.25,0.87
11/08/2025 13:49,2025-08-11 14:00:22,263,W,15.40,4.70,1.61,1.25,0.87
11/08/2025 14:14,2025-08-11 14:15:30,259,W,14.30,5.40,1.62,1.25,0.98
11/08/2025 14:29,2025-08-11 14:30:21,267,W,15.40,5.40,1.62,1.23,0.91
11/08/2025 14:39,2025-08-11 14:45:22,267,W,15.40,5.40,1.62,1.23,0.91
11/08/2025 14:59,2025-08-11 15:00:23,263,W,15.40,6.20,1.83,1.18,0.92
11/08/2025 15:09,2025-08-11 15:15:23,263,W,15.40,6.20,1.83,1.18,0.92
11/08/2025 15:28,2025-08-11 15:30:23,270,W,14.30,5.90,1.86,1.25,0.91
11/08/2025 15:44,2025-08-11 15:45:24,270,W,14.30,5.90,1.86,1.25,0.91
11/08/2025 15:59,2025-08-11 16:00:22,272,W,15.40,5.20,1.48,1.17,0.86
11/08/2025 16:14,2025-08-11 16:15:22,272,W,15.40,5.20,1.48,1.17,0.86
11/08/2025 16:29,2025-08-11 16:30:22,268,W,15.40,5.10,1.36,1.06,0.78
11/08/2025 16:44,2025-08-11 16:45:23,268,W,15.40,5.10,1.36,1.06,0.78
11/08/2025 16:59,2025-08-11 17:00:22,269,W,14.30,5.60,1.50,1.12,0.85
11/08/2025 17:19,2025-08-11 17:30:22,269,W,14.30,5.60,1.50,1.12,0.85
11/08/2025 17:23,2025-08-11 17:45:22,269,W,14.30,5.60,1.50,1.12,0.85
30/08/2025,2025-08-30 17:08:51,282,WNW,9.50,6.40,4.32,3.28,2.57
30/08/2025,2025-08-30 17:15:23,282,WNW,9.50,6.40,4.32,3.28,2.57
30/08/2025 17:29,2025-08-30 17:30:22,284,WNW,11.10,6.50,4.11,3.26,2.60
30/08/2025 17:34,2025-08-30 17:45:22,284,WNW,11.10,6.50,4.11,3.26,2.60
30/08/2025 17:59,2025-08-30 18:00:22,282,WNW,10.50,6.90,4.65,3.38,2.63
30/08/2025 18:44,2025-08-30 18:45:22,282,WNW,11.80,7.10,3.84,3.08,2.57
30/08/2025 18:59,2025-08-30 19:00:21,282,WNW,12.50,6.60,4.31,3.34,2.60
30/08/2025 19:14,2025-08-30 19:15:22,282,WNW,12.50,6.60,4.31,3.34,2.60
30/08/2025 19:24,2025-08-30 19:30:22,282,WNW,12.50,6.60,4.31,3.34,2.60
30/08/2025 19:44,2025-08-30 19:45:21,284,WNW,11.80,6.60,4.28,3.35,2.59
30/08/2025 19:59,2025-08-30 20:00:22,283,WNW,11.80,6.70,4.52,3.37,2.74
30/08/2025 20:09,2025-08-30 20:15:21,283,WNW,11.80,6.70,4.52,3.37,2.74
30/08/2025 20:29,2025-08-30 20:30:22,284,WNW,12.50,7.00,4.41,3.33,2.71
30/08/2025 20:59,2025-08-30 21:00:22,284,WNW,11.10,7.00,3.80,3.40,2.74
30/08/2025 21:14,2025-08-30 21:15:22,284,WNW,11.10,7.00,3.80,3.40,2.74
30/08/2025 21:29,2025-08-30 21:30:22,284,WNW,12.50,6.70,5.07,3.09,2.38
30/08/2025 21:39,2025-08-30 21:45:21,284,WNW,12.50,6.70,5.07,3.09,2.38
30/08/2025 21:59,2025-08-30 22:00:23,284,WNW,11.80,6.90,3.78,3.26,2.65
30/08/2025 22:29,2025-08-30 22:30:22,282,WNW,12.50,7.10,3.87,3.27,2.64
30/08/2025 22:39,2025-08-30 22:45:22,282,WNW,12.50,7.10,3.87,3.27,2.64
30/08/2025 22:59,2025-08-30 23:00:23,283,WNW,12.50,6.10,4.27,3.01,2.42
30/08/2025 23:09,2025-08-30 23:15:23,283,WNW,12.50,6.10,4.27,3.01,2.42
30/08/2025 23:29,2025-08-30 23:30:22,284,WNW,12.50,6.30,3.35,2.98,2.37
30/08/2025 23:39,2025-08-30 23:45:22,284,WNW,12.50,6.30,3.35,2.98,2.37
30/08/2025 23:59,2025-08-31 00:00:22,281,W,12.50,6.00,3.83,2.79,2.24
31/08/2025 00:29,2025-08-31 00:30:22,281,W,12.50,6.70,3.34,2.95,2.36
31/08/2025 00:44,2025-08-31 00:45:23,281,W,12.50,6.70,3.34,2.95,2.36
31/08/2025 00:59,2025-08-31 01:00:21,285,WNW,12.50,6.20,5.04,3.11,2.42
31/08/2025 01:14,2025-08-31 01:15:22,285,WNW,12.50,6.20,5.04,3.11,2.42
31/08/2025 01:29,2025-08-31 01:30:22,285,WNW,12.50,6.70,3.68,3.01,2.48
31/08/2025 01:44,2025-08-31 01:45:22,285,WNW,12.50,6.70,3.68,3.01,2.48
31/08/2025 01:59,2025-08-31 02:00:22,284,WNW,11.80,6.40,4.05,3.12,2.53
31/08/2025 02:14,2025-08-31 02:15:21,284,WNW,11.80,6.40,4.05,3.12,2.53
31/08/2025 02:29,2025-08-31 02:30:23,284,WNW,12.50,6.30,3.88,3.07,2.49
31/08/2025 02:44,2025-08-31 02:45:23,284,WNW,12.50,6.30,3.88,3.07,2.49
31/08/2025 02:59,2025-08-31 03:00:23,290,WNW,11.80,6.20,3.60,3.02,2.41
31/08/2025 03:14,2025-08-31 03:15:22,290,WNW,11.80,6.20,3.60,3.02,2.41
31/08/2025 03:59,2025-08-31 04:00:21,287,WNW,12.50,6.30,3.85,2.77,2.25
31/08/2025 04:19,2025-08-31 04:30:21,287,WNW,12.50,6.30,3.85,2.77,2.25
31/08/2025 04:59,2025-08-31 05:00:21,291,WNW,12.50,6.30,3.92,3.06,2.44
31/08/2025 05:14,2025-08-31 05:15:22,291,WNW,12.50,6.30,3.92,3.06,2.44
31/08/2025 05:29,2025-08-31 05:30:22,295,WNW,11.80,6.00,3.53,2.77,2.23
31/08/2025 05:39,2025-08-31 05:45:23,295,WNW,11.80,6.00,3.53,2.77,2.23
31/08/2025 05:59,2025-08-31 06:00:22,300,WNW,11.10,6.10,3.30,2.80,2.25
31/08/2025 06:04,2025-08-31 06:15:21,300,WNW,11.10,6.10,3.30,2.80,2.25
31/08/2025 06:29,2025-08-31 06:30:22,299,WNW,11.80,5.80,3.87,2.68,2.12
31/08/2025 06:44,2025-08-31 06:45:22,299,WNW,11.80,5.80,3.87,2.68,2.12
31/08/2025 06:59,2025-08-31 07:00:21,296,WNW,12.50,6.00,3.92,2.85,2.36
31/08/2025 07:29,2025-08-31 07:30:22,296,WNW,11.80,5.70,3.87,2.87,2.20
31/08/2025 07:44,2025-08-31 07:45:22,297,WNW,11.80,5.70,3.87,2.87,2.20
31/08/2025 07:59,2025-08-31 08:00:23,301,WNW,11.80,5.90,3.21,2.64,2.12
31/08/2025 08:14,2025-08-31 08:15:22,301,WNW,11.80,5.90,3.21,2.64,2.12
31/08/2025 08:29,2025-08-31 08:30:21,294,WNW,11.10,6.40,4.44,3.06,2.45
31/08/2025 08:34,2025-08-31 08:45:22,294,WNW,11.10,6.40,4.44,3.06,2.45
31/08/2025 08:59,2025-08-31 09:00:22,294,WNW,11.80,5.90,3.43,2.87,2.25
31/08/2025 09:14,2025-08-31 09:15:21,294,WNW,11.80,5.90,3.43,2.87,2.25
31/08/2025 09:24,2025-08-31 09:30:22,294,WNW,11.80,5.90,3.43,2.87,2.25
31/08/2025 09:34,2025-08-31 09:45:21,293,WNW,10.50,5.80,3.22,2.77,2.19
31/08/2025 09:59,2025-08-31 10:00:21,283,WNW,11.80,6.40,3.65,2.85,2.39
31/08/2025 10:09,2025-08-31 10:15:21,283,WNW,11.80,6.40,3.65,2.85,2.39
31/08/2025 10:29,2025-08-31 10:30:22,282,WNW,11.10,6.30,3.82,2.86,2.35
31/08/2025 10:39,2025-08-31 10:45:22,282,WNW,11.10,6.30,3.82,2.86,2.35
31/08/2025 10:59,2025-08-31 11:00:22,287,WNW,11.80,6.30,3.47,2.76,2.21
31/08/2025 11:14,2025-08-31 11:15:22,287,WNW,11.80,6.30,3.47,2.76,2.21
31/08/2025 11:19,2025-08-31 11:30:21,287,WNW,11.80,6.30,3.47,2.76,2.21
31/08/2025 11:39,2025-08-31 11:45:21,285,WNW,11.10,6.50,3.45,2.87,2.38
31/08/2025 11:49,2025-08-31 12:00:22,285,WNW,11.10,6.50,3.45,2.87,2.38
31/08/2025 12:29,2025-08-31 12:30:22,293,WNW,11.80,6.10,3.69,2.80,2.31
31/08/2025 12:34,2025-08-31 12:45:24,293,WNW,11.80,6.10,3.69,2.80,2.31
31/08/2025 12:59,2025-08-31 13:00:23,290,WNW,11.80,6.20,3.99,3.15,2.50
31/08/2025 13:14,2025-08-31 13:15:21,290,WNW,11.80,6.20,3.99,3.15,2.50
31/08/2025 13:29,2025-08-31 13:30:21,291,WNW,11.10,6.50,3.51,2.77,2.28
31/08/2025 13:39,2025-08-31 13:45:22,291,WNW,11.10,6.50,3.51,2.77,2.28
31/08/2025 13:54,2025-08-31 14:00:21,291,WNW,11.10,6.50,3.51,2.77,2.28
31/08/2025 13:59,2025-08-31 14:15:21,291,WNW,11.80,6.30,4.07,2.90,2.29
31/08/2025 14:29,2025-08-31 14:30:22,283,WNW,11.10,5.80,3.68,2.85,2.25
31/08/2025 14:39,2025-08-31 14:45:22,283,WNW,11.10,5.80,3.68,2.85,2.25
31/08/2025 14:54,2025-08-31 15:00:23,283,WNW,11.10,5.80,3.68,2.85,2.25
31/08/2025 15:09,2025-08-31 15:15:22,284,WNW,11.80,6.20,3.59,3.04,2.41
31/08/2025 15:29,2025-08-31 15:30:23,277,W,6.90,5.40,4.05,3.04,2.51
31/08/2025 15:34,2025-08-31 15:45:21,277,W,6.90,5.40,4.05,3.04,2.51
31/08/2025 15:49,2025-08-31 16:00:22,277,W,6.90,5.40,4.05,3.04,2.51
31/08/2025 16:14,2025-08-31 16:15:21,271,W,6.70,5.80,4.28,3.42,2.78
31/08/2025 16:29,2025-08-31 16:30:22,265,W,6.90,5.80,4.79,3.45,2.85
31/08/2025 16:44,2025-08-31 16:45:21,265,W,6.90,5.80,4.79,3.45,2.85
31/08/2025 16:59,2025-08-31 17:00:24,267,W,7.10,6.30,5.81,4.06,3.25
31/08/2025,2025-08-31 17:15:22,267,W,7.10,6.30,5.81,4.06,3.25
31/08/2025 17:24,2025-08-31 17:30:21,267,W,7.10,6.30,5.81,4.06,3.25
31/08/2025 17:39,2025-08-31 17:45:21,261,W,6.90,6.20,5.23,4.22,3.44
31/08/2025 17:59,2025-08-31 18:00:21,264,W,7.70,6.30,5.51,4.06,3.24
31/08/2025 18:09,2025-08-31 18:15:21,264,W,7.70,6.30,5.51,4.06,3.24
31/08/2025 18:29,2025-08-31 18:30:21,265,W,8.70,6.30,5.04,4.20,3.42
31/08/2025 18:44,2025-08-31 18:45:21,265,W,8.70,6.30,5.04,4.20,3.42
31/08/2025 18:49,2025-08-31 19:00:22,265,W,8.70,6.30,5.04,4.20,3.42
31/08/2025 19:14,2025-08-31 19:15:23,263,W,10.50,7.10,5.77,4.48,3.80
31/08/2025 19:24,2025-08-31 19:30:22,263,W,10.50,7.10,5.77,4.48,3.80
31/08/2025 19:44,2025-08-31 19:45:22,265,W,9.50,6.90,5.49,4.53,3.59
31/08/2025 19:59,2025-08-31 20:00:22,269,W,10.00,7.00,5.45,4.31,3.59
31/08/2025 20:14,2025-08-31 20:15:21,269,W,10.00,7.00,5.45,4.31,3.59
31/08/2025 20:29,2025-08-31 20:30:21,265,W,10.50,6.30,5.04,4.24,3.36
31/08/2025 20:59,2025-08-31 21:00:21,267,W,10.50,7.10,5.44,4.58,3.70
31/08/2025 21:09,2025-08-31 21:15:21,267,W,10.50,7.10,5.44,4.58,3.70
31/08/2025 21:29,2025-08-31 21:30:21,270,W,10.50,6.50,5.26,4.10,3.38
31/08/2025 21:44,2025-08-31 21:45:22,270,W,10.50,6.50,5.26,4.10,3.38
31/08/2025 21:54,2025-08-31 22:00:21,270,W,10.50,6.50,5.26,4.10,3.38
31/08/2025 22:29,2025-08-31 22:30:22,270,W,11.10,7.00,5.94,4.43,3.36
31/08/2025 22:44,2025-08-31 22:45:22,270,W,11.10,7.00,5.94,4.43,3.36
31/08/2025 22:59,2025-08-31 23:00:22,271,W,11.10,7.50,5.06,4.30,3.53
31/08/2025 23:14,2025-08-31 23:15:21,271,W,11.10,7.50,5.06,4.30,3.53
31/08/2025 23:29,2025-08-31 23:30:21,271,W,11.10,7.20,7.03,4.16,3.25
31/08/2025 23:59,2025-09-01 00:00:21,271,W,11.10,6.70,5.23,3.97,3.21
1/09/2025 00:29,2025-09-01 00:30:22,270,W,11.10,7.10,5.89,4.70,3.68
1/09/2025 00:59,2025-09-01 01:00:22,278,W,10.50,7.20,5.13,3.92,3.23
1/09/2025 01:09,2025-09-01 01:15:22,278,W,10.50,7.20,5.13,3.92,3.23
1/09/2025 01:29,2025-09-01 01:30:22,277,W,10.50,7.20,5.36,4.44,3.58
1/09/2025 01:39,2025-09-01 01:45:23,277,W,10.50,7.20,5.36,4.44,3.58
1/09/2025 01:59,2025-09-01 02:00:21,272,W,11.10,7.50,5.05,4.63,3.81
1/09/2025 02:09,2025-09-01 02:15:22,272,W,11.10,7.50,5.05,4.63,3.81
1/09/2025 02:29,2025-09-01 02:30:21,273,W,11.10,7.00,4.85,4.18,3.45
1/09/2025 02:43,2025-09-01 02:45:22,273,W,11.10,7.00,4.85,4.18,3.45
1/09/2025 02:59,2025-09-01 03:00:24,275,W,10.50,7.00,6.10,4.25,3.31
1/09/2025 03:14,2025-09-01 03:15:22,275,W,10.50,7.00,6.10,4.25,3.31
1/09/2025 03:29,2025-09-01 03:30:22,267,W,11.10,7.30,5.73,4.68,3.82
1/09/2025 03:39,2025-09-01 03:45:21,267,W,11.10,7.30,5.73,4.68,3.82
1/09/2025 03:59,2025-09-01 04:00:21,271,W,11.10,7.30,6.45,4.57,3.58
1/09/2025 04:14,2025-09-01 04:15:22,271,W,11.10,7.30,6.45,4.57,3.58
1/09/2025 04:29,2025-09-01 04:30:22,270,W,11.10,6.50,4.84,3.87,3.11
1/09/2025 04:44,2025-09-01 04:45:21,270,W,11.10,6.50,4.84,3.87,3.11
1/09/2025 04:59,2025-09-01 05:00:23,273,W,11.80,7.00,5.43,4.40,3.47
1/09/2025 05:14,2025-09-01 05:15:21,273,W,11.80,7.00,5.43,4.40,3.47
1/09/2025 05:29,2025-09-01 05:30:21,274,W,11.10,6.90,5.24,4.05,3.34
1/09/2025 05:39,2025-09-01 05:45:21,274,W,11.10,6.90,5.24,4.05,3.34
1/09/2025 05:59,2025-09-01 06:00:22,273,W,9.50,6.60,4.63,4.09,3.24
1/09/2025 06:09,2025-09-01 06:15:21,273,W,9.50,6.60,4.63,4.09,3.24
1/09/2025 06:24,2025-09-01 06:30:21,273,W,9.50,6.60,4.63,4.09,3.24
1/09/2025 06:39,2025-09-01 06:45:21,270,W,10.50,7.10,5.79,4.53,3.70
1/09/2025 06:59,2025-09-01 07:00:21,272,W,11.80,6.50,4.96,3.99,3.09
1/09/2025 07:09,2025-09-01 07:15:21,272,W,11.80,6.50,4.96,3.99,3.09
1/09/2025 07:19,2025-09-01 07:30:21,272,W,11.80,6.50,4.96,3.99,3.09
1/09/2025 07:44,2025-09-01 07:45:21,273,W,11.10,6.40,4.43,3.54,2.72
1/09/2025 07:54,2025-09-01 08:00:21,273,W,11.10,6.40,4.43,3.54,2.72
1/09/2025 08:04,2025-09-01 08:15:20,277,W,11.80,6.50,4.36,3.59,2.92
1/09/2025 08:14,2025-09-01 08:30:21,277,W,11.80,6.50,4.36,3.59,2.92
1/09/2025 08:39,2025-09-01 08:45:21,276,W,11.80,7.30,4.61,3.59,2.98
1/09/2025 08:59,2025-09-01 09:00:21,276,W,10.50,6.80,4.86,3.70,3.07
1/09/2025 09:14,2025-09-01 09:15:22,276,W,10.50,6.80,4.86,3.70,3.07
1/09/2025 09:29,2025-09-01 09:30:22,280,W,11.10,7.10,4.26,3.54,2.88
1/09/2025 09:39,2025-09-01 09:45:22,280,W,11.10,7.10,4.26,3.54,2.88
1/09/2025 09:54,2025-09-01 10:00:22,280,W,11.10,7.10,4.26,3.54,2.88
1/09/2025 10:14,2025-09-01 10:15:22,279,W,11.10,6.90,4.73,3.89,3.23
1/09/2025 10:19,2025-09-01 10:30:23,279,W,11.10,6.90,4.73,3.89,3.23
1/09/2025 10:39,2025-09-01 10:45:21,281,W,11.10,7.30,4.97,4.04,3.27
1/09/2025 10:54,2025-09-01 11:00:21,281,W,11.10,7.30,4.97,4.04,3.27
1/09/2025 10:59,2025-09-01 11:15:22,277,W,11.80,7.20,4.88,3.78,3.16
1/09/2025 11:29,2025-09-01 11:30:21,279,W,11.80,7.10,4.80,3.61,2.88
1/09/2025 11:44,2025-09-01 11:45:21,279,W,11.80,7.10,4.80,3.61,2.88
1/09/2025 11:54,2025-09-01 12:00:22,279,W,11.80,7.10,4.80,3.61,2.88
1/09/2025 12:04,2025-09-01 12:15:21,278,W,11.10,7.20,4.95,4.01,3.24
1/09/2025 12:19,2025-09-01 12:30:21,278,W,11.10,7.20,4.95,4.01,3.24
1/09/2025 12:34,2025-09-01 12:45:22,280,W,11.10,7.60,4.54,3.97,3.16
1/09/2025 12:59,2025-09-01 13:00:22,277,W,11.80,6.70,4.45,3.94,3.04
1/09/2025 13:09,2025-09-01 13:15:22,277,W,11.80,6.70,4.45,3.94,3.04
1/09/2025 13:29,2025-09-01 13:30:22,277,W,11.80,7.30,6.06,4.45,3.45
1/09/2025 13:39,2025-09-01 13:45:23,277,W,11.80,7.30,6.06,4.45,3.45
1/09/2025 13:59,2025-09-01 14:00:21,274,W,11.80,7.10,4.81,4.01,3.23
1/09/2025 14:14,2025-09-01 14:15:23,274,W,11.80,7.10,4.81,4.01,3.23
1/09/2025 14:29,2025-09-01 14:30:22,280,W,11.80,6.90,5.00,4.14,3.36
1/09/2025 14:44,2025-09-01 14:45:22,280,W,11.80,6.90,5.00,4.14,3.36
1/09/2025 14:59,2025-09-01 15:00:23,278,W,11.80,7.10,4.74,4.05,3.36
1/09/2025 15:09,2025-09-01 15:15:22,278,W,11.80,7.10,4.74,4.05,3.36
1/09/2025 15:29,2025-09-01 15:30:22,273,W,11.80,6.50,5.39,3.96,3.06
1/09/2025 15:44,2025-09-01 15:45:22,273,W,11.80,6.50,5.39,3.96,3.06
1/09/2025 15:44,2025-09-01 16:00:22,273,W,11.80,6.50,5.39,3.96,3.06
1/09/2025 16:14,2025-09-01 16:15:27,282,WNW,11.80,7.00,4.48,3.78,3.12
1/09/2025 16:29,2025-09-01 16:30:22,280,W,11.80,7.30,6.14,4.23,3.31
1/09/2025 16:44,2025-09-01 16:45:22,280,W,11.80,7.30,6.14,4.23,3.31
1/09/2025 16:59,2025-09-01 17:00:22,281,W,11.80,7.20,5.71,4.24,3.40
1/09/2025 17:13,2025-09-01 17:15:23,281,W,11.80,7.20,5.71,4.24,3.40
1/09/2025 17:29,2025-09-01 17:30:22,281,W,11.80,6.70,4.68,4.03,3.04
1/09/2025 17:44,2025-09-01 17:45:23,281,W,11.80,6.70,4.68,4.03,3.04
1/09/2025 17:59,2025-09-01 18:00:22,278,W,12.50,7.00,5.29,4.06,3.17
1/09/2025 18:14,2025-09-01 18:15:23,278,W,12.50,7.00,5.29,4.06,3.17
1/09/2025 18:29,2025-09-01 18:30:24,280,W,10.50,6.60,4.75,3.67,2.99
1/09/2025 18:44,2025-09-01 18:45:24,280,W,10.50,6.60,4.75,3.67,2.99
1/09/2025 18:59,2025-09-01 19:00:23,280,W,11.80,6.50,4.93,3.84,3.14
1/09/2025 19:09,2025-09-01 19:15:22,280,W,11.80,6.50,4.93,3.84,3.14
1/09/2025 19:29,2025-09-01 19:30:21,279,W,11.10,7.10,4.84,3.95,3.30
1/09/2025 19:39,2025-09-01 19:45:21,279,W,11.10,7.10,4.84,3.95,3.30
1/09/2025 19:59,2025-09-01 20:00:21,279,W,11.80,6.60,4.22,3.64,2.98
1/09/2025 20:14,2025-09-01 20:15:21,279,W,11.80,6.60,4.22,3.64,2.98
1/09/2025 20:24,2025-09-01 20:30:21,279,W,11.80,6.60,4.22,3.64,2.98
1/09/2025 20:39,2025-09-01 20:45:22,279,W,11.80,6.60,5.04,3.84,3.12
1/09/2025 20:59,2025-09-01 21:00:22,281,W,11.80,6.80,4.72,3.66,2.98
1/09/2025 21:14,2025-09-01 21:15:21,281,W,11.80,6.80,4.72,3.66,2.98
1/09/2025 21:29,2025-09-01 21:30:22,280,W,11.10,7.20,4.52,3.75,3.17
1/09/2025 21:44,2025-09-01 21:45:22,280,W,11.10,7.20,4.52,3.75,3.17
1/09/2025 21:59,2025-09-01 22:00:21,279,W,11.80,7.30,4.51,3.77,3.15
1/09/2025 22:14,2025-09-01 22:15:21,279,W,11.80,7.30,4.51,3.77,3.15
1/09/2025 22:29,2025-09-01 22:30:22,282,WNW,11.10,6.80,5.31,3.85,3.14
1/09/2025 22:44,2025-09-01 22:45:22,282,WNW,11.10,6.80,5.31,3.85,3.14
1/09/2025 22:59,2025-09-01 23:00:22,283,WNW,11.80,6.90,4.35,3.66,3.01
1/09/2025 23:14,2025-09-01 23:15:22,283,WNW,11.80,6.90,4.35,3.66,3.01
1/09/2025 23:29,2025-09-01 23:30:21,278,W,11.80,6.70,4.04,3.34,2.71
1/09/2025 23:44,2025-09-01 23:45:22,278,W,11.80,6.70,4.04,3.34,2.71
2/09/2025 00:29,2025-09-02 00:30:22,277,W,11.80,6.70,3.69,3.23,2.68
2/09/2025 00:44,2025-09-02 00:45:21,277,W,11.80,6.70,3.69,3.23,2.68
2/09/2025 00:59,2025-09-02 01:00:22,282,WNW,11.80,6.80,4.50,3.38,2.67
2/09/2025 01:14,2025-09-02 01:15:22,282,WNW,11.80,6.80,4.50,3.38,2.67
2/09/2025 01:29,2025-09-02 01:30:22,280,W,12.50,6.30,5.29,3.57,2.68
2/09/2025 01:39,2025-09-02 01:45:22,280,W,12.50,6.30,5.29,3.57,2.68
2/09/2025 01:59,2025-09-02 02:00:21,276,W,12.50,5.90,3.90,3.20,2.52
2/09/2025 02:14,2025-09-02 02:15:21,276,W,12.50,5.90,3.90,3.20,2.52
2/09/2025 02:29,2025-09-02 02:30:22,274,W,12.50,6.80,4.70,3.57,2.83
2/09/2025 02:44,2025-09-02 02:45:22,274,W,12.50,6.80,4.70,3.57,2.83
2/09/2025 02:59,2025-09-02 03:00:23,280,W,11.80,7.10,4.39,3.69,2.88
2/09/2025 03:29,2025-09-02 03:30:21,275,W,12.50,6.70,3.74,3.28,2.66
2/09/2025 03:44,2025-09-02 03:45:21,275,W,12.50,6.70,3.74,3.28,2.66
2/09/2025 03:59,2025-09-02 04:00:22,278,W,11.80,6.40,4.14,3.13,2.61
2/09/2025 04:14,2025-09-02 04:15:22,278,W,11.80,6.40,4.14,3.13,2.61
2/09/2025 04:29,2025-09-02 04:30:22,278,W,12.50,6.30,3.93,3.26,2.65
2/09/2025 04:44,2025-09-02 04:45:21,278,W,12.50,6.30,3.93,3.26,2.65
2/09/2025 04:59,2025-09-02 05:00:25,277,W,11.80,6.40,4.57,3.60,2.86
2/09/2025 05:14,2025-09-02 05:15:22,277,W,11.80,6.40,4.57,3.60,2.86
2/09/2025 05:29,2025-09-02 05:30:22,278,W,11.80,6.40,3.79,3.22,2.56
2/09/2025 05:44,2025-09-02 05:45:21,278,W,11.80,6.40,3.79,3.22,2.56
2/09/2025 06:29,2025-09-02 06:30:26,276,W,12.50,6.70,4.01,3.24,2.63
2/09/2025 06:34,2025-09-02 06:45:21,276,W,12.50,6.70,4.01,3.24,2.63
2/09/2025 06:59,2025-09-02 07:00:21,277,W,12.50,6.10,3.97,3.07,2.43
2/09/2025 07:29,2025-09-02 07:30:22,275,W,11.80,6.70,4.20,3.15,2.55
2/09/2025 07:44,2025-09-02 07:45:21,275,W,11.80,6.70,4.20,3.15,2.55
2/09/2025 07:54,2025-09-02 08:00:21,275,W,11.80,6.70,4.20,3.15,2.55
2/09/2025 08:14,2025-09-02 08:15:26,275,W,11.80,6.50,4.52,3.18,2.62
2/09/2025 08:29,2025-09-02 08:30:21,279,W,11.80,6.80,4.32,3.16,2.56
2/09/2025 08:34,2025-09-02 08:45:21,279,W,11.80,6.80,4.32,3.16,2.56
2/09/2025 08:59,2025-09-02 09:00:22,279,W,12.50,5.80,4.01,3.00,2.35
2/09/2025 09:09,2025-09-02 09:15:22,279,W,12.50,5.80,4.01,3.00,2.35
2/09/2025 09:24,2025-09-02 09:30:22,279,W,12.50,5.80,4.01,3.00,2.35
2/09/2025 09:44,2025-09-02 09:45:22,276,W,11.80,6.70,5.12,3.61,2.76
2/09/2025 10:09,2025-09-02 10:15:21,276,W,12.50,6.70,3.98,3.21,2.65
2/09/2025 10:14,2025-09-02 10:30:21,276,W,12.50,6.70,3.98,3.21,2.65
2/09/2025 10:39,2025-09-02 10:45:21,276,W,12.50,6.70,3.83,3.29,2.75
2/09/2025 10:59,2025-09-02 11:00:21,279,W,11.10,6.00,3.43,2.89,2.33
2/09/2025 11:04,2025-09-02 11:15:22,279,W,11.10,6.00,3.43,2.89,2.33
2/09/2025 11:24,2025-09-02 11:30:21,279,W,11.10,6.00,3.43,2.89,2.33
2/09/2025 11:44,2025-09-02 11:45:23,277,W,11.10,6.20,3.66,2.85,2.35
2/09/2025 11:58,2025-09-02 12:00:24,280,W,13.30,6.70,3.53,3.02,2.55
2/09/2025 12:09,2025-09-02 12:15:22,280,W,13.30,6.70,3.53,3.02,2.55
2/09/2025 12:24,2025-09-02 12:30:22,280,W,13.30,6.70,3.53,3.02,2.55
2/09/2025 12:44,2025-09-02 12:45:22,276,W,13.30,5.80,4.23,2.83,2.29
2/09/2025 12:59,2025-09-02 13:00:24,277,W,12.50,7.00,3.75,3.14,2.56
2/09/2025 12:59,2025-09-02 13:15:22,277,W,12.50,7.00,3.75,3.14,2.56
2/09/2025 13:29,2025-09-02 13:30:22,276,W,12.50,5.90,3.62,2.98,2.30
2/09/2025 13:44,2025-09-02 13:45:22,276,W,12.50,5.90,3.62,2.98,2.30
2/09/2025 13:59,2025-09-02 14:00:22,279,W,13.30,6.00,3.34,2.86,2.36
2/09/2025 13:59,2025-09-02 14:15:22,279,W,13.30,6.00,3.34,2.86,2.36
2/09/2025 14:29,2025-09-02 14:30:23,276,W,13.30,6.00,4.04,2.96,2.37
2/09/2025 14:39,2025-09-02 14:45:21,276,W,13.30,6.00,4.04,2.96,2.37
2/09/2025 14:59,2025-09-02 15:00:22,274,W,10.00,6.10,4.01,3.05,2.38
2/09/2025 15:14,2025-09-02 15:15:22,274,W,10.00,6.10,4.01,3.05,2.38
2/09/2025 15:29,2025-09-02 15:30:22,276,W,12.50,5.90,3.67,3.06,2.44
2/09/2025 15:59,2025-09-02 16:00:21,274,W,12.50,5.80,3.64,2.95,2.37
2/09/2025 16:04,2025-09-02 16:15:21,274,W,12.50,5.80,3.64,2.95,2.37
2/09/2025 16:19,2025-09-02 16:30:22,274,W,12.50,5.80,3.64,2.95,2.37
2/09/2025 16:59,2025-09-02 17:00:22,271,W,13.30,6.20,3.51,2.80,2.30
2/09/2025 17:14,2025-09-02 17:15:21,271,W,13.30,6.20,3.51,2.80,2.30
2/09/2025 17:19,2025-09-02 17:30:22,271,W,13.30,6.20,3.51,2.80,2.30
2/09/2025 17:39,2025-09-02 17:45:22,271,W,13.30,6.80,3.48,3.05,2.52
2/09/2025 17:59,2025-09-02 18:00:23,273,W,13.30,5.90,4.41,3.13,2.48
2/09/2025 18:14,2025-09-02 18:15:22,273,W,13.30,5.90,4.41,3.13,2.48
2/09/2025 18:29,2025-09-02 18:30:22,268,W,10.50,6.10,3.98,3.11,2.47
2/09/2025 18:44,2025-09-02 18:45:22,268,W,10.50,6.10,3.98,3.11,2.47
2/09/2025 18:59,2025-09-02 19:00:23,272,W,13.30,6.40,3.77,2.88,2.31
2/09/2025 19:14,2025-09-02 19:15:21,272,W,13.30,6.40,3.77,2.88,2.31
2/09/2025 19:29,2025-09-02 19:30:23,271,W,12.50,6.40,4.08,2.91,2.34
2/09/2025 19:44,2025-09-02 19:45:22,271,W,12.50,6.40,4.08,2.91,2.34
2/09/2025 19:59,2025-09-02 20:00:22,274,W,11.10,6.20,4.56,2.98,2.34
2/09/2025 20:19,2025-09-02 20:30:21,274,W,11.10,6.20,4.56,2.98,2.34
2/09/2025 20:44,2025-09-02 20:45:21,272,W,11.10,6.70,3.33,2.94,2.43
2/09/2025 20:49,2025-09-02 21:00:22,272,W,11.10,6.70,3.33,2.94,2.43
2/09/2025 21:24,2025-09-02 21:30:23,273,W,13.30,5.90,3.51,2.70,2.21
2/09/2025 21:34,2025-09-02 21:45:22,270,W,13.30,6.50,3.56,2.66,2.18
2/09/2025 21:59,2025-09-02 22:00:21,275,W,13.30,6.60,3.31,2.65,2.22
2/09/2025 22:14,2025-09-02 22:15:22,275,W,13.30,6.60,3.31,2.65,2.22
2/09/2025 22:44,2025-09-02 22:45:23,275,W,11.80,6.00,3.15,2.52,2.07
2/09/2025 22:59,2025-09-02 23:00:21,271,W,8.70,6.30,3.42,2.72,2.20
2/09/2025 23:14,2025-09-02 23:15:23,271,W,8.70,6.30,3.42,2.72,2.20
3/09/2025 00:29,2025-09-03 00:30:24,272,W,10.00,6.60,3.15,2.66,2.11
3/09/2025 00:44,2025-09-03 00:45:24,272,W,10.00,6.60,3.15,2.66,2.11
3/09/2025 00:49,2025-09-03 01:00:22,272,W,10.00,6.60,3.15,2.66,2.11
3/09/2025 01:14,2025-09-03 01:15:26,272,W,11.10,6.40,3.30,2.53,2.06
3/09/2025 01:29,2025-09-03 01:30:25,272,W,12.50,6.50,3.28,2.49,2.04
3/09/2025 01:44,2025-09-03 01:45:21,272,W,12.50,6.50,3.28,2.49,2.04
3/09/2025 01:59,2025-09-03 02:00:22,272,W,13.30,6.70,2.99,2.52,2.05
3/09/2025 02:14,2025-09-03 02:15:22,272,W,13.30,6.70,2.99,2.52,2.05
3/09/2025 02:29,2025-09-03 02:30:22,272,W,12.50,6.90,3.51,2.64,2.04
3/09/2025 02:39,2025-09-03 02:45:21,272,W,12.50,6.90,3.51,2.64,2.04
3/09/2025 02:59,2025-09-03 03:00:22,270,W,12.50,6.80,3.16,2.58,2.06
3/09/2025 03:14,2025-09-03 03:15:21,270,W,12.50,6.80,3.16,2.58,2.06
3/09/2025 03:29,2025-09-03 03:30:23,268,W,13.30,7.00,2.85,2.43,2.06
3/09/2025 03:44,2025-09-03 03:45:22,268,W,13.30,7.00,2.85,2.43,2.06
3/09/2025 03:59,2025-09-03 04:00:21,270,W,11.80,7.10,3.40,2.54,2.05
3/09/2025 04:09,2025-09-03 04:15:21,270,W,11.80,7.10,3.40,2.54,2.05
3/09/2025 04:29,2025-09-03 04:30:22,269,W,12.50,7.40,3.12,2.64,2.11
3/09/2025 04:44,2025-09-03 04:45:21,269,W,12.50,7.40,3.12,2.64,2.11
3/09/2025 04:54,2025-09-03 05:00:22,269,W,12.50,7.40,3.12,2.64,2.11
3/09/2025 05:08,2025-09-03 05:15:21,270,W,13.30,7.10,2.62,2.33,1.97
3/09/2025 05:14,2025-09-03 05:30:21,270,W,13.30,7.10,2.62,2.33,1.97
3/09/2025 05:44,2025-09-03 05:45:22,269,W,12.50,7.40,2.94,2.40,2.05
3/09/2025 05:49,2025-09-03 06:00:21,269,W,12.50,7.40,2.94,2.40,2.05
3/09/2025 06:24,2025-09-03 06:30:21,269,W,11.10,7.40,2.97,2.53,1.99
3/09/2025 06:44,2025-09-03 06:45:21,269,W,12.50,7.60,3.45,2.51,2.05
3/09/2025 06:59,2025-09-03 07:00:21,270,W,12.50,7.10,3.55,2.34,1.83
3/09/2025 07:14,2025-09-03 07:15:27,270,W,12.50,7.10,3.55,2.34,1.83
3/09/2025 07:29,2025-09-03 07:30:21,271,W,13.30,7.20,2.95,2.23,1.88
3/09/2025 07:34,2025-09-03 07:45:21,271,W,13.30,7.20,2.95,2.23,1.88
3/09/2025 07:59,2025-09-03 08:00:22,270,W,12.50,7.20,2.55,2.10,1.75
3/09/2025 08:14,2025-09-03 08:15:21,270,W,12.50,7.20,2.55,2.10,1.75
3/09/2025 08:29,2025-09-03 08:30:21,269,W,11.10,7.40,2.55,2.14,1.79
3/09/2025 08:44,2025-09-03 08:45:21,269,W,11.10,7.40,2.55,2.14,1.79
3/09/2025 08:59,2025-09-03 09:00:25,271,W,13.30,7.40,2.89,2.24,1.82
3/09/2025 09:14,2025-09-03 09:15:24,271,W,13.30,7.40,2.89,2.24,1.82
3/09/2025 09:29,2025-09-03 09:30:26,269,W,13.30,7.10,3.11,2.17,1.70
3/09/2025 09:44,2025-09-03 09:45:21,269,W,13.30,7.10,3.11,2.17,1.70
3/09/2025 09:54,2025-09-03 10:00:21,269,W,13.30,7.10,3.11,2.17,1.70
3/09/2025 10:14,2025-09-03 10:15:25,271,W,13.30,7.00,2.82,2.16,1.76
3/09/2025 10:29,2025-09-03 10:30:23,270,W,13.30,7.10,2.87,2.31,1.77
3/09/2025 10:44,2025-09-03 10:45:23,270,W,13.30,7.10,2.87,2.31,1.77
3/09/2025 10:59,2025-09-03 11:00:25,269,W,12.50,7.40,2.37,2.13,1.78
3/09/2025 11:09,2025-09-03 11:15:21,269,W,12.50,7.40,2.37,2.13,1.78
3/09/2025 11:29,2025-09-03 11:30:23,270,W,13.30,7.10,3.06,2.16,1.72
3/09/2025 11:44,2025-09-03 11:45:23,270,W,13.30,7.10,3.06,2.16,1.72
3/09/2025 11:59,2025-09-03 12:00:23,267,W,10.00,7.00,2.36,1.99,1.59
3/09/2025 12:14,2025-09-03 12:15:21,267,W,10.00,7.00,2.36,1.99,1.59
3/09/2025 12:29,2025-09-03 12:30:23,268,W,11.10,6.80,2.68,2.17,1.68
3/09/2025 12:54,2025-09-03 13:00:23,268,W,11.10,6.80,2.68,2.17,1.68
3/09/2025 13:14,2025-09-03 13:15:26,267,W,12.50,7.20,2.69,2.05,1.61
3/09/2025 13:24,2025-09-03 13:30:22,267,W,12.50,7.20,2.69,2.05,1.61
3/09/2025 13:44,2025-09-03 13:45:22,270,W,12.50,6.90,2.26,1.91,1.62
3/09/2025 13:54,2025-09-03 14:00:22,270,W,12.50,6.90,2.26,1.91,1.62
3/09/2025 14:09,2025-09-03 14:15:23,273,W,12.50,7.10,2.75,2.10,1.65
3/09/2025 14:29,2025-09-03 14:30:25,269,W,13.30,6.50,3.20,2.22,1.71
3/09/2025 14:44,2025-09-03 14:45:23,269,W,13.30,6.50,3.20,2.22,1.71
3/09/2025 14:59,2025-09-03 15:00:24,271,W,13.30,7.10,2.42,2.08,1.70
3/09/2025 15:13,2025-09-03 15:15:22,271,W,13.30,7.10,2.42,2.08,1.70
3/09/2025 15:29,2025-09-03 15:30:22,271,W,13.30,7.40,2.41,2.10,1.70
3/09/2025 15:39,2025-09-03 15:45:21,271,W,13.30,7.40,2.41,2.10,1.70
3/09/2025 15:59,2025-09-03 16:00:22,269,W,11.80,7.10,2.71,1.97,1.61
3/09/2025 16:14,2025-09-03 16:15:21,269,W,11.80,7.10,2.71,1.97,1.61
3/09/2025 16:29,2025-09-03 16:30:22,271,W,13.30,7.30,2.79,2.13,1.65
3/09/2025 16:29,2025-09-03 16:45:21,271,W,13.30,7.30,2.79,2.13,1.65
3/09/2025 16:59,2025-09-03 17:00:22,269,W,12.50,7.60,2.62,2.19,1.76
3/09/2025 17:09,2025-09-03 17:15:22,269,W,12.50,7.60,2.62,2.19,1.76
3/09/2025 17:29,2025-09-03 17:30:22,269,W,11.80,7.10,2.64,1.98,1.64
3/09/2025 17:39,2025-09-03 17:45:22,269,W,11.80,7.10,2.64,1.98,1.64
3/09/2025 17:59,2025-09-03 18:00:24,266,W,11.10,7.40,2.31,1.94,1.60
3/09/2025 18:09,2025-09-03 18:15:21,266,W,11.10,7.40,2.31,1.94,1.60
3/09/2025 18:29,2025-09-03 18:30:23,268,W,12.50,7.20,2.75,2.03,1.62
3/09/2025 18:44,2025-09-03 18:45:22,268,W,12.50,7.20,2.75,2.03,1.62
3/09/2025 18:49,2025-09-03 19:00:22,268,W,12.50,7.20,2.75,2.03,1.62
3/09/2025 19:13,2025-09-03 19:15:22,268,W,12.50,7.60,2.61,2.19,1.70
3/09/2025 19:29,2025-09-03 19:30:22,271,W,12.50,6.80,2.41,2.04,1.64
3/09/2025 19:44,2025-09-03 19:45:22,271,W,12.50,6.80,2.41,2.04,1.64
3/09/2025 19:59,2025-09-03 20:00:22,268,W,13.30,7.50,2.64,2.24,1.72
3/09/2025 20:14,2025-09-03 20:15:22,268,W,13.30,7.50,2.64,2.24,1.72
3/09/2025 20:29,2025-09-03 20:30:21,271,W,13.30,7.00,2.40,1.93,1.59
3/09/2025 20:44,2025-09-03 20:45:21,271,W,13.30,7.00,2.40,1.93,1.59
3/09/2025 20:59,2025-09-03 21:00:23,271,W,13.30,6.60,2.91,2.04,1.56
3/09/2025 21:09,2025-09-03 21:15:22,271,W,13.30,6.60,2.91,2.04,1.56
3/09/2025 21:29,2025-09-03 21:30:22,271,W,13.30,6.70,2.74,1.94,1.57
3/09/2025 21:59,2025-09-03 22:00:21,270,W,11.80,7.90,3.05,2.23,1.75
3/09/2025 22:14,2025-09-03 22:15:22,270,W,11.80,7.90,3.05,2.23,1.75
3/09/2025 22:29,2025-09-03 22:30:21,268,W,12.50,7.20,2.58,2.04,1.65
3/09/2025 22:43,2025-09-03 22:45:21,268,W,12.50,7.20,2.58,2.04,1.65
3/09/2025 22:59,2025-09-03 23:00:24,268,W,13.30,7.60,2.65,2.06,1.66
3/09/2025 23:14,2025-09-03 23:15:22,268,W,13.30,7.60,2.65,2.06,1.66
3/09/2025 23:29,2025-09-03 23:30:22,269,W,11.80,7.40,2.63,2.07,1.63
3/09/2025 23:44,2025-09-03 23:45:21,269,W,11.80,7.40,2.63,2.07,1.63
3/09/2025 23:59,2025-09-04 00:00:22,267,W,13.30,7.40,2.76,2.13,1.70
4/09/2025 00:29,2025-09-04 00:30:22,268,W,13.30,6.80,2.67,1.96,1.53
4/09/2025 00:39,2025-09-04 00:45:22,268,W,13.30,6.80,2.67,1.96,1.53
4/09/2025 00:59,2025-09-04 01:00:21,267,W,12.50,6.60,2.69,1.95,1.47
4/09/2025 01:14,2025-09-04 01:15:21,267,W,12.50,6.60,2.69,1.95,1.47
4/09/2025 01:29,2025-09-04 01:30:22,270,W,12.50,7.00,2.98,2.07,1.64
4/09/2025 01:39,2025-09-04 01:45:21,270,W,12.50,7.00,2.98,2.07,1.64
4/09/2025 01:59,2025-09-04 02:00:24,268,W,12.50,7.00,2.19,1.91,1.53
4/09/2025 02:14,2025-09-04 02:15:22,268,W,12.50,7.00,2.19,1.91,1.53
4/09/2025 02:28,2025-09-04 02:30:23,270,W,13.30,6.70,2.38,2.05,1.64
4/09/2025 02:44,2025-09-04 02:45:21,270,W,13.30,6.70,2.38,2.05,1.64
4/09/2025 02:59,2025-09-04 03:00:21,270,W,13.30,6.80,3.02,2.08,1.67
4/09/2025 03:14,2025-09-04 03:15:21,270,W,13.30,6.80,3.02,2.08,1.67
4/09/2025 03:29,2025-09-04 03:30:21,268,W,14.30,6.90,2.89,2.18,1.73
4/09/2025 03:44,2025-09-04 03:45:21,268,W,14.30,6.90,2.89,2.18,1.73
4/09/2025 03:59,2025-09-04 04:00:23,266,W,12.50,6.50,2.65,2.02,1.58
4/09/2025 04:14,2025-09-04 04:15:22,266,W,12.50,6.50,2.65,2.02,1.58
4/09/2025 04:29,2025-09-04 04:30:22,268,W,11.80,6.50,2.20,1.87,1.55
4/09/2025 04:39,2025-09-04 04:45:21,268,W,11.80,6.50,2.20,1.87,1.55
4/09/2025 04:59,2025-09-04 05:00:21,269,W,16.70,6.40,2.20,1.89,1.54
4/09/2025 05:14,2025-09-04 05:15:22,269,W,16.70,6.40,2.20,1.89,1.54
4/09/2025 05:29,2025-09-04 05:30:21,272,W,12.50,6.10,2.84,1.98,1.56
4/09/2025 05:39,2025-09-04 05:45:21,272,W,12.50,6.10,2.84,1.98,1.56
4/09/2025 05:59,2025-09-04 06:00:21,271,W,13.30,6.50,2.09,1.78,1.45
4/09/2025 06:09,2025-09-04 06:15:21,271,W,13.30,6.50,2.09,1.78,1.45
4/09/2025 06:29,2025-09-04 06:30:23,269,W,13.30,6.80,2.65,2.08,1.71
4/09/2025 06:44,2025-09-04 06:45:22,269,W,13.30,6.80,2.65,2.08,1.71
4/09/2025 06:49,2025-09-04 07:00:21,269,W,13.30,6.80,2.65,2.08,1.71
4/09/2025 07:09,2025-09-04 07:15:21,270,W,14.30,6.90,2.82,2.18,1.67
4/09/2025 07:29,2025-09-04 07:30:23,268,W,14.30,6.60,2.33,1.92,1.53
4/09/2025 07:44,2025-09-04 07:45:21,268,W,14.30,6.60,2.33,1.92,1.53
4/09/2025 07:49,2025-09-04 08:00:21,268,W,14.30,6.60,2.33,1.92,1.53
4/09/2025 08:04,2025-09-04 08:15:21,269,W,11.80,7.00,2.69,2.31,1.73
4/09/2025 08:29,2025-09-04 08:30:22,268,W,14.30,6.30,2.46,2.12,1.62
4/09/2025 08:39,2025-09-04 08:45:22,268,W,14.30,6.30,2.46,2.12,1.62
4/09/2025 08:59,2025-09-04 09:00:21,270,W,14.30,6.50,2.78,2.05,1.61
4/09/2025 09:14,2025-09-04 09:15:22,270,W,14.30,6.50,2.78,2.05,1.61
4/09/2025 09:29,2025-09-04 09:30:21,271,W,13.30,6.30,2.54,2.02,1.61
4/09/2025 09:39,2025-09-04 09:45:22,271,W,13.30,6.30,2.54,2.02,1.61
4/09/2025 09:43,2025-09-04 10:00:22,271,W,13.30,6.30,2.54,2.02,1.61
4/09/2025 10:09,2025-09-04 10:15:22,273,W,15.40,5.80,2.53,1.82,1.47
4/09/2025 10:29,2025-09-04 10:30:22,270,W,14.30,6.00,2.67,1.94,1.48
4/09/2025 10:39,2025-09-04 10:45:22,270,W,14.30,6.00,2.67,1.94,1.48
4/09/2025 10:59,2025-09-04 11:00:23,269,W,12.50,5.90,2.37,1.93,1.53
4/09/2025 11:29,2025-09-04 11:30:22,272,W,12.50,5.70,2.36,1.77,1.39
4/09/2025 11:44,2025-09-04 11:45:22,272,W,12.50,5.70,2.36,1.77,1.39
4/09/2025 11:59,2025-09-04 12:00:23,271,W,13.30,5.60,2.57,1.81,1.42
4/09/2025 12:09,2025-09-04 12:15:22,271,W,13.30,5.60,2.57,1.81,1.42
4/09/2025 12:29,2025-09-04 12:30:22,273,W,13.30,6.10,2.22,1.85,1.44
4/09/2025 12:44,2025-09-04 12:45:22,273,W,13.30,6.10,2.22,1.85,1.44
4/09/2025 12:53,2025-09-04 13:00:26,273,W,13.30,6.10,2.22,1.85,1.44
4/09/2025 13:24,2025-09-04 13:30:23,274,W,13.30,5.80,2.54,1.84,1.47
4/09/2025 13:29,2025-09-04 13:45:23,276,W,13.30,5.90,2.68,1.96,1.53
4/09/2025 13:59,2025-09-04 14:00:22,278,W,13.30,5.00,2.30,1.81,1.43
4/09/2025 14:14,2025-09-04 14:15:25,278,W,13.30,5.00,2.30,1.81,1.43
4/09/2025 14:29,2025-09-04 14:30:22,281,W,11.80,5.10,2.08,1.68,1.34
4/09/2025 14:39,2025-09-04 14:45:22,281,W,11.80,5.10,2.08,1.68,1.34
4/09/2025 14:59,2025-09-04 15:00:24,276,W,13.30,5.40,2.55,1.77,1.42
4/09/2025 15:09,2025-09-04 15:15:22,276,W,13.30,5.40,2.55,1.77,1.42
4/09/2025 15:24,2025-09-04 15:30:21,276,W,13.30,5.40,2.55,1.77,1.42
4/09/2025 15:58,2025-09-04 16:00:22,274,W,11.80,5.00,2.53,1.77,1.43
4/09/2025 16:14,2025-09-04 16:15:22,274,W,11.80,5.00,2.53,1.77,1.43
4/09/2025 16:29,2025-09-04 16:30:21,279,W,12.50,4.70,2.26,1.70,1.35
4/09/2025 16:44,2025-09-04 16:45:21,279,W,12.50,4.70,2.26,1.70,1.35
4/09/2025 16:49,2025-09-04 17:00:22,279,W,12.50,4.70,2.26,1.70,1.35
4/09/2025 17:14,2025-09-04 17:15:24,279,W,9.10,4.90,2.59,1.68,1.36
4/09/2025 17:24,2025-09-04 17:30:22,279,W,9.10,4.90,2.59,1.68,1.36
4/09/2025 17:59,2025-09-04 18:00:23,276,W,12.50,5.50,2.58,1.95,1.59
4/09/2025 18:14,2025-09-04 18:15:25,276,W,12.50,5.50,2.58,1.95,1.59
4/09/2025 18:29,2025-09-04 18:30:21,279,W,12.50,5.10,2.58,1.80,1.46
4/09/2025 18:44,2025-09-04 18:45:22,279,W,12.50,5.10,2.58,1.80,1.46
4/09/2025 18:59,2025-09-04 19:00:21,276,W,5.90,4.90,2.30,1.91,1.50
4/09/2025 19:14,2025-09-04 19:15:21,276,W,5.90,4.90,2.30,1.91,1.50
4/09/2025 19:59,2025-09-04 20:00:23,279,W,11.10,4.90,2.57,2.05,1.65
4/09/2025 20:14,2025-09-04 20:15:22,279,W,11.10,4.90,2.57,2.05,1.65
4/09/2025 20:19,2025-09-04 20:30:22,279,W,11.10,4.90,2.57,2.05,1.65
4/09/2025 20:44,2025-09-04 20:45:21,279,W,6.10,5.20,2.48,2.07,1.65
4/09/2025 20:54,2025-09-04 21:00:21,279,W,6.10,5.20,2.48,2.07,1.65
4/09/2025 21:14,2025-09-04 21:15:21,276,W,6.20,5.50,2.89,1.91,1.59
4/09/2025 21:29,2025-09-04 21:30:21,276,W,6.70,5.50,2.36,2.02,1.66
4/09/2025 21:44,2025-09-04 21:45:21,275,W,6.70,5.50,2.36,2.02,1.66
4/09/2025 22:39,2025-09-04 22:45:22,278,W,15.40,4.90,2.40,1.91,1.56
4/09/2025 22:59,2025-09-04 23:00:22,279,W,6.50,5.10,2.56,2.08,1.68
4/09/2025 23:14,2025-09-04 23:15:22,279,W,6.50,5.10,2.56,2.08,1.68
4/09/2025 23:29,2025-09-04 23:30:22,283,WNW,6.70,4.80,2.53,1.97,1.59
4/09/2025 23:44,2025-09-04 23:45:22,283,WNW,6.70,4.80,2.53,1.97,1.59
4/09/2025 23:59,2025-09-05 00:00:21,277,W,6.90,5.20,2.60,2.02,1.63
5/09/2025 00:29,2025-09-05 00:30:22,282,WNW,14.30,4.70,3.13,1.96,1.57
5/09/2025 00:59,2025-09-05 01:00:22,285,WNW,7.40,4.90,2.40,1.99,1.67
5/09/2025 01:09,2025-09-05 01:15:22,285,WNW,7.40,4.90,2.40,1.99,1.67
5/09/2025 01:29,2025-09-05 01:30:22,283,WNW,6.50,4.80,2.51,2.10,1.69
5/09/2025 01:39,2025-09-05 01:45:21,283,WNW,6.50,4.80,2.51,2.10,1.69
5/09/2025 01:59,2025-09-05 02:00:22,289,WNW,6.10,4.80,3.02,1.97,1.64
5/09/2025 02:14,2025-09-05 02:15:21,289,WNW,6.10,4.80,3.02,1.97,1.64
5/09/2025 02:29,2025-09-05 02:30:27,284,WNW,6.90,4.80,3.12,2.17,1.71
5/09/2025 02:44,2025-09-05 02:45:21,284,WNW,6.90,4.80,3.12,2.17,1.71
5/09/2025 02:59,2025-09-05 03:00:22,282,WNW,7.40,5.20,3.30,2.22,1.83
5/09/2025 03:14,2025-09-05 03:15:21,282,WNW,7.40,5.20,3.30,2.22,1.83
5/09/2025 03:29,2025-09-05 03:30:23,283,WNW,7.10,5.10,2.88,2.21,1.74
5/09/2025 03:39,2025-09-05 03:45:22,283,WNW,7.10,5.10,2.88,2.21,1.74
5/09/2025 03:59,2025-09-05 04:00:23,285,WNW,5.90,5.00,3.23,2.27,1.82
5/09/2025 04:09,2025-09-05 04:15:23,285,WNW,5.90,5.00,3.23,2.27,1.82
5/09/2025 04:59,2025-09-05 05:00:21,285,WNW,6.20,4.80,2.81,2.17,1.72
5/09/2025 05:09,2025-09-05 05:15:26,285,WNW,6.20,4.80,2.81,2.17,1.72
5/09/2025 05:29,2025-09-05 05:30:23,284,WNW,7.40,4.90,2.68,2.25,1.82
5/09/2025 05:44,2025-09-05 05:45:22,284,WNW,7.40,4.90,2.68,2.25,1.82
5/09/2025 05:59,2025-09-05 06:00:22,287,WNW,7.40,5.10,3.49,2.48,1.93
5/09/2025 06:13,2025-09-05 06:15:23,287,WNW,7.40,5.10,3.49,2.48,1.93
5/09/2025 06:29,2025-09-05 06:30:22,289,WNW,7.10,5.20,3.01,2.33,1.87
5/09/2025 06:39,2025-09-05 06:45:21,289,WNW,7.10,5.20,3.01,2.33,1.87
5/09/2025 06:59,2025-09-05 07:00:21,288,WNW,7.10,5.00,3.03,2.30,1.85
5/09/2025 07:04,2025-09-05 07:15:21,288,WNW,7.10,5.00,3.03,2.30,1.85
5/09/2025 07:29,2025-09-05 07:30:21,285,WNW,6.90,5.30,3.75,2.56,2.03
5/09/2025 07:44,2025-09-05 07:45:21,285,WNW,6.90,5.30,3.75,2.56,2.03
5/09/2025 07:49,2025-09-05 08:00:22,285,WNW,6.90,5.30,3.75,2.56,2.03
5/09/2025 08:44,2025-09-05 08:45:22,288,WNW,6.90,5.20,2.82,2.39,1.95
5/09/2025 08:59,2025-09-05 09:00:25,287,WNW,7.40,5.30,3.44,2.48,2.00
5/09/2025 09:14,2025-09-05 09:15:22,287,WNW,7.40,5.30,3.44,2.48,2.00
5/09/2025 09:24,2025-09-05 09:30:25,287,WNW,7.40,5.30,3.44,2.48,2.00
5/09/2025 09:39,2025-09-05 09:45:23,288,WNW,6.90,5.30,3.19,2.59,2.04
5/09/2025 09:54,2025-09-05 10:00:21,288,WNW,6.90,5.30,3.19,2.59,2.04
5/09/2025 10:29,2025-09-05 10:30:22,285,WNW,7.40,5.50,3.05,2.57,2.13
5/09/2025 10:39,2025-09-05 10:45:22,285,WNW,7.40,5.50,3.05,2.57,2.13
5/09/2025 10:54,2025-09-05 11:00:22,285,WNW,7.40,5.50,3.05,2.57,2.13
5/09/2025 11:14,2025-09-05 11:15:22,287,WNW,6.90,5.40,3.21,2.41,1.98
5/09/2025 11:39,2025-09-05 11:45:22,285,WNW,7.10,5.50,3.14,2.53,2.04
5/09/2025 12:29,2025-09-05 12:30:22,287,WNW,7.40,5.40,2.75,2.39,1.93
5/09/2025 12:39,2025-09-05 12:45:23,287,WNW,7.40,5.40,2.75,2.39,1.93
5/09/2025 13:44,2025-09-05 13:45:22,289,WNW,7.40,5.70,3.54,2.71,2.21
5/09/2025 13:54,2025-09-05 14:00:21,289,WNW,7.40,5.70,3.54,2.71,2.21
5/09/2025 14:04,2025-09-05 14:15:21,288,WNW,6.90,5.30,4.32,2.54,1.97
5/09/2025 14:29,2025-09-05 14:30:22,287,WNW,7.40,5.40,3.88,2.47,1.95
5/09/2025 14:59,2025-09-05 15:00:22,288,WNW,7.70,5.50,3.86,2.63,2.04
5/09/2025 15:09,2025-09-05 15:15:23,288,WNW,7.70,5.50,3.86,2.63,2.04
5/09/2025 15:59,2025-09-05 16:00:22,287,WNW,7.40,5.40,3.37,2.55,2.02
5/09/2025 16:14,2025-09-05 16:15:22,287,WNW,7.40,5.40,3.37,2.55,2.02
5/09/2025 16:29,2025-09-05 16:30:22,287,WNW,6.70,5.40,2.97,2.44,2.05
5/09/2025 16:44,2025-09-05 16:45:22,287,WNW,6.70,5.40,2.97,2.44,2.05
5/09/2025 16:58,2025-09-05 17:00:22,288,WNW,8.00,5.40,3.30,2.41,1.99
5/09/2025 17:14,2025-09-05 17:15:22,288,WNW,8.00,5.40,3.30,2.41,1.99
5/09/2025 18:09,2025-09-05 18:15:23,288,WNW,14.30,5.80,2.93,2.61,2.18
5/09/2025 18:29,2025-09-05 18:30:24,292,WNW,7.10,5.40,3.43,2.63,2.16
5/09/2025 18:39,2025-09-05 18:45:23,292,WNW,7.10,5.40,3.43,2.63,2.16
5/09/2025 18:54,2025-09-05 19:00:24,292,WNW,7.10,5.40,3.43,2.63,2.16
5/09/2025 19:14,2025-09-05 19:15:22,287,WNW,7.10,5.60,3.62,2.71,2.17
5/09/2025 19:24,2025-09-05 19:30:24,287,WNW,7.10,5.60,3.62,2.71,2.17
5/09/2025 19:44,2025-09-05 19:45:23,291,WNW,8.00,5.70,4.30,2.92,2.30
5/09/2025 19:58,2025-09-05 20:00:28,291,WNW,6.90,5.50,3.64,2.85,2.30
5/09/2025 20:14,2025-09-05 20:15:21,291,WNW,6.90,5.50,3.64,2.85,2.30
5/09/2025 20:29,2025-09-05 20:30:21,291,WNW,8.00,5.70,3.90,2.58,2.11
5/09/2025 20:44,2025-09-05 20:45:22,291,WNW,8.00,5.70,3.90,2.58,2.11
5/09/2025 20:59,2025-09-05 21:00:21,291,WNW,8.30,6.00,3.06,2.68,2.25
5/09/2025 21:14,2025-09-05 21:15:23,290,WNW,8.30,6.00,3.06,2.68,2.25
5/09/2025 21:29,2025-09-05 21:30:22,290,WNW,8.00,5.70,3.82,3.04,2.42
5/09/2025 21:44,2025-09-05 21:45:22,290,WNW,8.00,5.70,3.82,3.04,2.42
5/09/2025 21:59,2025-09-05 22:00:25,293,WNW,13.30,5.60,3.47,2.85,2.33
5/09/2025 22:14,2025-09-05 22:15:24,293,WNW,13.30,5.60,3.47,2.85,2.33
5/09/2025 22:29,2025-09-05 22:30:30,293,WNW,8.30,5.70,3.49,2.92,2.41
5/09/2025 22:44,2025-09-05 22:45:22,293,WNW,8.30,5.70,3.49,2.92,2.41
5/09/2025 22:59,2025-09-05 23:00:25,291,WNW,8.00,5.70,3.52,2.92,2.33
5/09/2025 23:14,2025-09-05 23:15:22,291,WNW,8.00,5.70,3.52,2.92,2.33
5/09/2025 23:29,2025-09-05 23:30:23,290,WNW,7.40,5.60,3.96,3.10,2.47
5/09/2025 23:44,2025-09-05 23:45:28,290,WNW,7.40,5.60,3.96,3.10,2.47
5/09/2025 23:59,2025-09-06 00:00:28,290,WNW,8.00,5.70,3.40,2.93,2.45
3/09/2025 00:29,2025-09-06 00:30:23,291,WNW,7.10,6.50,3.56,3.01,2.50
3/09/2025 00:44,2025-09-06 00:45:22,291,WNW,7.10,6.50,3.56,3.01,2.50
3/09/2025 00:59,2025-09-06 01:00:28,293,WNW,13.30,6.00,4.12,3.04,2.41
3/09/2025 01:14,2025-09-06 01:15:22,293,WNW,13.30,6.00,4.12,3.04,2.41
3/09/2025 01:29,2025-09-06 01:30:23,292,WNW,7.70,6.00,4.27,3.18,2.54
3/09/2025 01:44,2025-09-06 01:45:23,292,WNW,7.70,6.00,4.27,3.18,2.54
3/09/2025 01:59,2025-09-06 02:00:22,290,WNW,8.30,6.00,3.69,3.20,2.63
3/09/2025 02:14,2025-09-06 02:15:28,290,WNW,8.30,6.00,3.69,3.20,2.63
3/09/2025 02:29,2025-09-06 02:30:27,283,WNW,9.10,6.20,4.11,3.14,2.64
3/09/2025 02:44,2025-09-06 02:45:28,283,WNW,9.10,6.20,4.11,3.14,2.64
3/09/2025 02:59,2025-09-06 03:00:28,284,WNW,8.30,6.00,4.24,3.37,2.64
3/09/2025 03:09,2025-09-06 03:15:22,284,WNW,8.30,6.00,4.24,3.37,2.64
3/09/2025 03:29,2025-09-06 03:30:23,288,WNW,7.40,6.00,4.67,3.26,2.63
3/09/2025 03:44,2025-09-06 03:45:24,288,WNW,7.40,6.00,4.67,3.26,2.63
3/09/2025 03:59,2025-09-06 04:00:23,284,WNW,6.50,6.20,4.62,3.40,2.63
3/09/2025 04:14,2025-09-06 04:15:21,284,WNW,6.50,6.20,4.62,3.40,2.63
3/09/2025 04:29,2025-09-06 04:30:22,281,W,8.70,6.20,3.52,3.02,2.46
3/09/2025 04:44,2025-09-06 04:45:24,281,W,8.70,6.20,3.52,3.02,2.46
